DATE,name,yield_rate
2/12/2024,TRY3MO,5.43
2/9/2024,TRY3MO,5.44
2/8/2024,TRY3MO,5.44
2/7/2024,TRY3MO,5.43
2/6/2024,TRY3MO,5.44
2/5/2024,TRY3MO,5.42
2/2/2024,TRY3MO,5.43
2/1/2024,TRY3MO,5.42
1/31/2024,TRY3MO,5.42
1/30/2024,TRY3MO,5.42
1/29/2024,TRY3MO,5.42
1/26/2024,TRY3MO,5.44
1/25/2024,TRY3MO,5.44
1/24/2024,TRY3MO,5.44
1/23/2024,TRY3MO,5.45
1/22/2024,TRY3MO,5.46
1/19/2024,TRY3MO,5.45
1/18/2024,TRY3MO,5.45
1/17/2024,TRY3MO,5.47
1/16/2024,TRY3MO,5.45
1/15/2024,TRY3MO,.
1/12/2024,TRY3MO,5.45
1/11/2024,TRY3MO,5.46
1/10/2024,TRY3MO,5.46
1/9/2024,TRY3MO,5.47
1/8/2024,TRY3MO,5.49
1/5/2024,TRY3MO,5.47
1/4/2024,TRY3MO,5.48
1/3/2024,TRY3MO,5.48
1/2/2024,TRY3MO,5.46
1/1/2024,TRY3MO,.
12/29/2023,TRY3MO,5.4
12/28/2023,TRY3MO,5.45
12/27/2023,TRY3MO,5.44
12/26/2023,TRY3MO,5.45
12/25/2023,TRY3MO,.
12/22/2023,TRY3MO,5.44
12/21/2023,TRY3MO,5.42
12/20/2023,TRY3MO,5.44
12/19/2023,TRY3MO,5.43
12/18/2023,TRY3MO,5.46
12/15/2023,TRY3MO,5.44
12/14/2023,TRY3MO,5.43
12/13/2023,TRY3MO,5.44
12/12/2023,TRY3MO,5.46
12/11/2023,TRY3MO,5.47
12/8/2023,TRY3MO,5.44
12/7/2023,TRY3MO,5.44
12/6/2023,TRY3MO,5.45
12/5/2023,TRY3MO,5.45
12/4/2023,TRY3MO,5.46
12/1/2023,TRY3MO,5.43
11/30/2023,TRY3MO,5.45
11/29/2023,TRY3MO,5.45
11/28/2023,TRY3MO,5.47
11/27/2023,TRY3MO,5.49
11/24/2023,TRY3MO,5.54
11/23/2023,TRY3MO,.
11/22/2023,TRY3MO,5.54
11/21/2023,TRY3MO,5.53
11/20/2023,TRY3MO,5.54
11/17/2023,TRY3MO,5.5
11/16/2023,TRY3MO,5.51
11/15/2023,TRY3MO,5.53
11/14/2023,TRY3MO,5.52
11/13/2023,TRY3MO,5.55
11/10/2023,TRY3MO,5.53
11/9/2023,TRY3MO,5.54
11/8/2023,TRY3MO,5.54
11/7/2023,TRY3MO,5.55
11/6/2023,TRY3MO,5.56
11/3/2023,TRY3MO,5.53
11/2/2023,TRY3MO,5.54
11/1/2023,TRY3MO,5.57
10/31/2023,TRY3MO,5.59
10/30/2023,TRY3MO,5.6
10/27/2023,TRY3MO,5.59
10/26/2023,TRY3MO,5.59
10/25/2023,TRY3MO,5.59
10/24/2023,TRY3MO,5.58
10/23/2023,TRY3MO,5.58
10/20/2023,TRY3MO,5.58
10/19/2023,TRY3MO,5.6
10/18/2023,TRY3MO,5.61
10/17/2023,TRY3MO,5.62
10/16/2023,TRY3MO,5.61
10/13/2023,TRY3MO,5.62
10/12/2023,TRY3MO,5.63
10/11/2023,TRY3MO,5.61
10/10/2023,TRY3MO,5.61
10/9/2023,TRY3MO,.
10/6/2023,TRY3MO,5.63
10/5/2023,TRY3MO,5.61
10/4/2023,TRY3MO,5.61
10/3/2023,TRY3MO,5.62
10/2/2023,TRY3MO,5.62
9/29/2023,TRY3MO,5.55
9/28/2023,TRY3MO,5.56
9/27/2023,TRY3MO,5.58
9/26/2023,TRY3MO,5.58
9/25/2023,TRY3MO,5.58
9/22/2023,TRY3MO,5.56
9/21/2023,TRY3MO,5.57
9/20/2023,TRY3MO,5.56
9/19/2023,TRY3MO,5.54
9/18/2023,TRY3MO,5.55
9/15/2023,TRY3MO,5.56
9/14/2023,TRY3MO,5.55
9/13/2023,TRY3MO,5.55
9/12/2023,TRY3MO,5.56
9/11/2023,TRY3MO,5.55
9/8/2023,TRY3MO,5.55
9/7/2023,TRY3MO,5.53
9/6/2023,TRY3MO,5.55
9/5/2023,TRY3MO,5.55
9/4/2023,TRY3MO,.
9/1/2023,TRY3MO,5.53
8/31/2023,TRY3MO,5.56
8/30/2023,TRY3MO,5.56
8/29/2023,TRY3MO,5.56
8/28/2023,TRY3MO,5.58
8/25/2023,TRY3MO,5.61
8/24/2023,TRY3MO,5.58
8/23/2023,TRY3MO,5.57
8/22/2023,TRY3MO,5.57
8/21/2023,TRY3MO,5.57
8/18/2023,TRY3MO,5.55
8/17/2023,TRY3MO,5.56
8/16/2023,TRY3MO,5.56
8/15/2023,TRY3MO,5.56
8/14/2023,TRY3MO,5.56
8/11/2023,TRY3MO,5.54
8/10/2023,TRY3MO,5.54
8/9/2023,TRY3MO,5.55
8/8/2023,TRY3MO,5.57
8/7/2023,TRY3MO,5.56
8/4/2023,TRY3MO,5.54
8/3/2023,TRY3MO,5.54
8/2/2023,TRY3MO,5.53
8/1/2023,TRY3MO,5.54
7/31/2023,TRY3MO,5.55
7/28/2023,TRY3MO,5.52
7/27/2023,TRY3MO,5.51
7/26/2023,TRY3MO,5.51
7/25/2023,TRY3MO,5.51
7/24/2023,TRY3MO,5.51
7/21/2023,TRY3MO,5.5
7/20/2023,TRY3MO,5.49
7/19/2023,TRY3MO,5.49
7/18/2023,TRY3MO,5.49
7/17/2023,TRY3MO,5.49
7/14/2023,TRY3MO,5.49
7/13/2023,TRY3MO,5.47
7/12/2023,TRY3MO,5.47
7/11/2023,TRY3MO,5.49
7/10/2023,TRY3MO,5.48
7/7/2023,TRY3MO,5.46
7/6/2023,TRY3MO,5.46
7/5/2023,TRY3MO,5.44
7/4/2023,TRY3MO,.
7/3/2023,TRY3MO,5.44
6/30/2023,TRY3MO,5.43
6/29/2023,TRY3MO,5.46
6/28/2023,TRY3MO,5.44
6/27/2023,TRY3MO,5.44
6/26/2023,TRY3MO,5.5
6/23/2023,TRY3MO,5.41
6/22/2023,TRY3MO,5.4
6/21/2023,TRY3MO,5.4
6/20/2023,TRY3MO,5.39
6/19/2023,TRY3MO,.
6/16/2023,TRY3MO,5.34
6/15/2023,TRY3MO,5.33
6/14/2023,TRY3MO,5.36
6/13/2023,TRY3MO,5.36
6/12/2023,TRY3MO,5.4
6/9/2023,TRY3MO,5.37
6/8/2023,TRY3MO,5.38
6/7/2023,TRY3MO,5.42
6/6/2023,TRY3MO,5.44
6/5/2023,TRY3MO,5.46
6/2/2023,TRY3MO,5.5
6/1/2023,TRY3MO,5.5
5/31/2023,TRY3MO,5.52
5/30/2023,TRY3MO,5.55
5/29/2023,TRY3MO,.
5/26/2023,TRY3MO,5.34
5/25/2023,TRY3MO,5.38
5/24/2023,TRY3MO,5.37
5/23/2023,TRY3MO,5.34
5/22/2023,TRY3MO,5.4
5/19/2023,TRY3MO,5.29
5/18/2023,TRY3MO,5.31
5/17/2023,TRY3MO,5.26
5/16/2023,TRY3MO,5.23
5/15/2023,TRY3MO,5.21
5/12/2023,TRY3MO,5.25
5/11/2023,TRY3MO,5.2
5/10/2023,TRY3MO,5.24
5/9/2023,TRY3MO,5.29
5/8/2023,TRY3MO,5.31
5/5/2023,TRY3MO,5.26
5/4/2023,TRY3MO,5.26
5/3/2023,TRY3MO,5.26
5/2/2023,TRY3MO,5.24
5/1/2023,TRY3MO,5.27
4/28/2023,TRY3MO,5.1
4/27/2023,TRY3MO,5.18
4/26/2023,TRY3MO,5.16
4/25/2023,TRY3MO,5.12
4/24/2023,TRY3MO,5.2
4/21/2023,TRY3MO,5.14
4/20/2023,TRY3MO,5.12
4/19/2023,TRY3MO,5.16
4/18/2023,TRY3MO,5.2
4/17/2023,TRY3MO,5.21
4/14/2023,TRY3MO,5.14
4/13/2023,TRY3MO,5.1
4/12/2023,TRY3MO,5.02
4/11/2023,TRY3MO,5.04
4/10/2023,TRY3MO,5.08
4/7/2023,TRY3MO,4.95
4/6/2023,TRY3MO,4.91
4/5/2023,TRY3MO,4.86
4/4/2023,TRY3MO,4.88
4/3/2023,TRY3MO,4.9
3/31/2023,TRY3MO,4.85
3/30/2023,TRY3MO,4.97
3/29/2023,TRY3MO,4.8
3/28/2023,TRY3MO,4.8
3/27/2023,TRY3MO,4.91
3/24/2023,TRY3MO,4.74
3/23/2023,TRY3MO,4.73
3/22/2023,TRY3MO,4.79
3/21/2023,TRY3MO,4.78
3/20/2023,TRY3MO,4.81
3/17/2023,TRY3MO,4.52
3/16/2023,TRY3MO,4.74
3/15/2023,TRY3MO,4.75
3/14/2023,TRY3MO,4.88
3/13/2023,TRY3MO,4.87
3/10/2023,TRY3MO,5.01
3/9/2023,TRY3MO,5.05
3/8/2023,TRY3MO,5.06
3/7/2023,TRY3MO,5.04
3/6/2023,TRY3MO,4.93
3/3/2023,TRY3MO,4.91
3/2/2023,TRY3MO,4.91
3/1/2023,TRY3MO,4.9
2/28/2023,TRY3MO,4.88
2/27/2023,TRY3MO,4.89
2/24/2023,TRY3MO,4.86
2/23/2023,TRY3MO,4.84
2/22/2023,TRY3MO,4.84
2/21/2023,TRY3MO,4.86
2/20/2023,TRY3MO,.
2/17/2023,TRY3MO,4.84
2/16/2023,TRY3MO,4.84
2/15/2023,TRY3MO,4.79
2/14/2023,TRY3MO,4.8
2/13/2023,TRY3MO,4.81
2/10/2023,TRY3MO,4.79
2/9/2023,TRY3MO,4.77
2/8/2023,TRY3MO,4.72
2/7/2023,TRY3MO,4.71
2/6/2023,TRY3MO,4.71
2/3/2023,TRY3MO,4.7
2/2/2023,TRY3MO,4.66
2/1/2023,TRY3MO,4.66
1/31/2023,TRY3MO,4.7
1/30/2023,TRY3MO,4.72
1/27/2023,TRY3MO,4.73
1/26/2023,TRY3MO,4.71
1/25/2023,TRY3MO,4.72
1/24/2023,TRY3MO,4.72
1/23/2023,TRY3MO,4.73
1/20/2023,TRY3MO,4.72
1/19/2023,TRY3MO,4.71
1/18/2023,TRY3MO,4.69
1/17/2023,TRY3MO,4.71
1/16/2023,TRY3MO,.
1/13/2023,TRY3MO,4.67
1/12/2023,TRY3MO,4.66
1/11/2023,TRY3MO,4.72
1/10/2023,TRY3MO,4.73
1/9/2023,TRY3MO,4.7
1/6/2023,TRY3MO,4.67
1/5/2023,TRY3MO,4.66
1/4/2023,TRY3MO,4.55
1/3/2023,TRY3MO,4.53
1/2/2023,TRY3MO,.
12/30/2022,TRY3MO,4.42
12/29/2022,TRY3MO,4.45
12/28/2022,TRY3MO,4.46
12/27/2022,TRY3MO,4.46
12/26/2022,TRY3MO,.
12/23/2022,TRY3MO,4.34
12/22/2022,TRY3MO,4.35
12/21/2022,TRY3MO,4.33
12/20/2022,TRY3MO,4.35
12/19/2022,TRY3MO,4.37
12/16/2022,TRY3MO,4.31
12/15/2022,TRY3MO,4.34
12/14/2022,TRY3MO,4.33
12/13/2022,TRY3MO,4.35
12/12/2022,TRY3MO,4.38
12/9/2022,TRY3MO,4.31
12/8/2022,TRY3MO,4.28
12/7/2022,TRY3MO,4.29
12/6/2022,TRY3MO,4.37
12/5/2022,TRY3MO,4.36
12/2/2022,TRY3MO,4.34
12/1/2022,TRY3MO,4.33
11/30/2022,TRY3MO,4.37
11/29/2022,TRY3MO,4.38
11/28/2022,TRY3MO,4.41
11/25/2022,TRY3MO,4.41
11/24/2022,TRY3MO,.
11/23/2022,TRY3MO,4.4
11/22/2022,TRY3MO,4.4
11/21/2022,TRY3MO,4.41
11/18/2022,TRY3MO,4.34
11/17/2022,TRY3MO,4.32
11/16/2022,TRY3MO,4.32
11/15/2022,TRY3MO,4.31
11/14/2022,TRY3MO,4.34
11/11/2022,TRY3MO,.
11/10/2022,TRY3MO,4.28
11/9/2022,TRY3MO,4.29
11/8/2022,TRY3MO,4.28
11/7/2022,TRY3MO,4.29
11/4/2022,TRY3MO,4.21
11/3/2022,TRY3MO,4.25
11/2/2022,TRY3MO,4.22
11/1/2022,TRY3MO,4.23
10/31/2022,TRY3MO,4.22
10/28/2022,TRY3MO,4.18
10/27/2022,TRY3MO,4.13
10/26/2022,TRY3MO,4.11
10/25/2022,TRY3MO,4.14
10/24/2022,TRY3MO,4.16
10/21/2022,TRY3MO,4.09
10/20/2022,TRY3MO,4.09
10/19/2022,TRY3MO,4.07
10/18/2022,TRY3MO,4.04
10/17/2022,TRY3MO,3.97
10/14/2022,TRY3MO,3.81
10/13/2022,TRY3MO,3.79
10/12/2022,TRY3MO,3.7
10/11/2022,TRY3MO,3.67
10/10/2022,TRY3MO,.
10/7/2022,TRY3MO,3.45
10/6/2022,TRY3MO,3.46
10/5/2022,TRY3MO,3.46
10/4/2022,TRY3MO,3.45
10/3/2022,TRY3MO,3.46
9/30/2022,TRY3MO,3.33
9/29/2022,TRY3MO,3.36
9/28/2022,TRY3MO,3.4
9/27/2022,TRY3MO,3.35
9/26/2022,TRY3MO,3.39
9/23/2022,TRY3MO,3.24
9/22/2022,TRY3MO,3.29
9/21/2022,TRY3MO,3.31
9/20/2022,TRY3MO,3.35
9/19/2022,TRY3MO,3.37
9/16/2022,TRY3MO,3.2
9/15/2022,TRY3MO,3.22
9/14/2022,TRY3MO,3.24
9/13/2022,TRY3MO,3.28
9/12/2022,TRY3MO,3.17
9/9/2022,TRY3MO,3.08
9/8/2022,TRY3MO,3.06
9/7/2022,TRY3MO,3.07
9/6/2022,TRY3MO,3.04
9/5/2022,TRY3MO,.
9/2/2022,TRY3MO,2.94
9/1/2022,TRY3MO,2.97
8/31/2022,TRY3MO,2.96
8/30/2022,TRY3MO,2.97
8/29/2022,TRY3MO,2.97
8/26/2022,TRY3MO,2.89
8/25/2022,TRY3MO,2.88
8/24/2022,TRY3MO,2.82
8/23/2022,TRY3MO,2.8
8/22/2022,TRY3MO,2.82
8/19/2022,TRY3MO,2.74
8/18/2022,TRY3MO,2.71
8/17/2022,TRY3MO,2.68
8/16/2022,TRY3MO,2.7
8/15/2022,TRY3MO,2.72
8/12/2022,TRY3MO,2.63
8/11/2022,TRY3MO,2.62
8/10/2022,TRY3MO,2.65
8/9/2022,TRY3MO,2.67
8/8/2022,TRY3MO,2.65
8/5/2022,TRY3MO,2.58
8/4/2022,TRY3MO,2.5
8/3/2022,TRY3MO,2.52
8/2/2022,TRY3MO,2.56
8/1/2022,TRY3MO,2.56
7/29/2022,TRY3MO,2.41
7/28/2022,TRY3MO,2.42
7/27/2022,TRY3MO,2.44
7/26/2022,TRY3MO,2.55
7/25/2022,TRY3MO,2.62
7/22/2022,TRY3MO,2.49
7/21/2022,TRY3MO,2.48
7/20/2022,TRY3MO,2.51
7/19/2022,TRY3MO,2.52
7/18/2022,TRY3MO,2.5
7/15/2022,TRY3MO,2.37
7/14/2022,TRY3MO,2.4
7/13/2022,TRY3MO,2.39
7/12/2022,TRY3MO,2.22
7/11/2022,TRY3MO,2.18
7/8/2022,TRY3MO,1.98
7/7/2022,TRY3MO,1.95
7/6/2022,TRY3MO,1.9
7/5/2022,TRY3MO,1.9
7/4/2022,TRY3MO,.
7/1/2022,TRY3MO,1.73
6/30/2022,TRY3MO,1.72
6/29/2022,TRY3MO,1.78
6/28/2022,TRY3MO,1.79
6/27/2022,TRY3MO,1.79
6/24/2022,TRY3MO,1.73
6/23/2022,TRY3MO,1.65
6/22/2022,TRY3MO,1.61
6/21/2022,TRY3MO,1.7
6/20/2022,TRY3MO,.
6/17/2022,TRY3MO,1.63
6/16/2022,TRY3MO,1.59
6/15/2022,TRY3MO,1.74
6/14/2022,TRY3MO,1.83
6/13/2022,TRY3MO,1.73
6/10/2022,TRY3MO,1.39
6/9/2022,TRY3MO,1.3
6/8/2022,TRY3MO,1.28
6/7/2022,TRY3MO,1.26
6/6/2022,TRY3MO,1.26
6/3/2022,TRY3MO,1.21
6/2/2022,TRY3MO,1.17
6/1/2022,TRY3MO,1.15
5/31/2022,TRY3MO,1.16
5/30/2022,TRY3MO,.
5/27/2022,TRY3MO,1.08
5/26/2022,TRY3MO,1.07
5/25/2022,TRY3MO,1.06
5/24/2022,TRY3MO,1.06
5/23/2022,TRY3MO,1.07
5/20/2022,TRY3MO,1.03
5/19/2022,TRY3MO,1.05
5/18/2022,TRY3MO,1.03
5/17/2022,TRY3MO,1.06
5/16/2022,TRY3MO,1.07
5/13/2022,TRY3MO,1.03
5/12/2022,TRY3MO,0.96
5/11/2022,TRY3MO,0.91
5/10/2022,TRY3MO,0.89
5/9/2022,TRY3MO,0.92
5/6/2022,TRY3MO,0.85
5/5/2022,TRY3MO,0.85
5/4/2022,TRY3MO,0.89
5/3/2022,TRY3MO,0.91
5/2/2022,TRY3MO,0.9
4/29/2022,TRY3MO,0.85
4/28/2022,TRY3MO,0.82
4/27/2022,TRY3MO,0.82
4/26/2022,TRY3MO,0.83
4/25/2022,TRY3MO,0.91
4/22/2022,TRY3MO,0.83
4/21/2022,TRY3MO,0.83
4/20/2022,TRY3MO,0.82
4/19/2022,TRY3MO,0.81
4/18/2022,TRY3MO,0.81
4/15/2022,TRY3MO,.
4/14/2022,TRY3MO,0.79
4/13/2022,TRY3MO,0.75
4/12/2022,TRY3MO,0.74
4/11/2022,TRY3MO,0.77
4/8/2022,TRY3MO,0.7
4/7/2022,TRY3MO,0.68
4/6/2022,TRY3MO,0.67
4/5/2022,TRY3MO,0.65
4/4/2022,TRY3MO,0.66
4/1/2022,TRY3MO,0.53
3/31/2022,TRY3MO,0.52
3/30/2022,TRY3MO,0.55
3/29/2022,TRY3MO,0.55
3/28/2022,TRY3MO,0.59
3/25/2022,TRY3MO,0.55
3/24/2022,TRY3MO,0.52
3/23/2022,TRY3MO,0.5
3/22/2022,TRY3MO,0.51
3/21/2022,TRY3MO,0.54
3/18/2022,TRY3MO,0.42
3/17/2022,TRY3MO,0.4
3/16/2022,TRY3MO,0.44
3/15/2022,TRY3MO,0.46
3/14/2022,TRY3MO,0.45
3/11/2022,TRY3MO,0.4
3/10/2022,TRY3MO,0.39
3/9/2022,TRY3MO,0.38
3/8/2022,TRY3MO,0.36
3/7/2022,TRY3MO,0.38
3/4/2022,TRY3MO,0.34
3/3/2022,TRY3MO,0.38
3/2/2022,TRY3MO,0.34
3/1/2022,TRY3MO,0.32
2/28/2022,TRY3MO,0.35
2/25/2022,TRY3MO,0.33
2/24/2022,TRY3MO,0.32
2/23/2022,TRY3MO,0.34
2/22/2022,TRY3MO,0.37
2/21/2022,TRY3MO,.
2/18/2022,TRY3MO,0.35
2/17/2022,TRY3MO,0.36
2/16/2022,TRY3MO,0.38
2/15/2022,TRY3MO,0.4
2/14/2022,TRY3MO,0.43
2/11/2022,TRY3MO,0.36
2/10/2022,TRY3MO,0.4
2/9/2022,TRY3MO,0.26
2/8/2022,TRY3MO,0.25
2/7/2022,TRY3MO,0.27
2/4/2022,TRY3MO,0.23
2/3/2022,TRY3MO,0.2
2/2/2022,TRY3MO,0.19
2/1/2022,TRY3MO,0.19
1/31/2022,TRY3MO,0.22
1/28/2022,TRY3MO,0.19
1/27/2022,TRY3MO,0.2
1/26/2022,TRY3MO,0.19
1/25/2022,TRY3MO,0.19
1/24/2022,TRY3MO,0.19
1/21/2022,TRY3MO,0.17
1/20/2022,TRY3MO,0.17
1/19/2022,TRY3MO,0.17
1/18/2022,TRY3MO,0.16
1/17/2022,TRY3MO,.
1/14/2022,TRY3MO,0.13
1/13/2022,TRY3MO,0.12
1/12/2022,TRY3MO,0.12
1/11/2022,TRY3MO,0.11
1/10/2022,TRY3MO,0.13
1/7/2022,TRY3MO,0.1
1/6/2022,TRY3MO,0.1
1/5/2022,TRY3MO,0.09
1/4/2022,TRY3MO,0.08
1/3/2022,TRY3MO,0.08
2/12/2024,TRY1,4.87
2/9/2024,TRY1,4.86
2/8/2024,TRY1,4.83
2/7/2024,TRY1,4.83
2/6/2024,TRY1,4.82
2/5/2024,TRY1,4.87
2/2/2024,TRY1,4.81
2/1/2024,TRY1,4.68
1/31/2024,TRY1,4.73
1/30/2024,TRY1,4.8
1/29/2024,TRY1,4.76
1/26/2024,TRY1,4.78
1/25/2024,TRY1,4.76
1/24/2024,TRY1,4.83
1/23/2024,TRY1,4.81
1/22/2024,TRY1,4.83
1/19/2024,TRY1,4.84
1/18/2024,TRY1,4.8
1/17/2024,TRY1,4.8
1/16/2024,TRY1,4.7
1/15/2024,TRY1,.
1/12/2024,TRY1,4.65
1/11/2024,TRY1,4.75
1/10/2024,TRY1,4.82
1/9/2024,TRY1,4.82
1/8/2024,TRY1,4.82
1/5/2024,TRY1,4.84
1/4/2024,TRY1,4.85
1/3/2024,TRY1,4.81
1/2/2024,TRY1,4.8
1/1/2024,TRY1,.
12/29/2023,TRY1,4.79
12/28/2023,TRY1,4.82
12/27/2023,TRY1,4.79
12/26/2023,TRY1,4.83
12/25/2023,TRY1,.
12/22/2023,TRY1,4.82
12/21/2023,TRY1,4.84
12/20/2023,TRY1,4.88
12/19/2023,TRY1,4.93
12/18/2023,TRY1,4.95
12/15/2023,TRY1,4.95
12/14/2023,TRY1,4.9
12/13/2023,TRY1,4.94
12/12/2023,TRY1,5.14
12/11/2023,TRY1,5.14
12/8/2023,TRY1,5.13
12/7/2023,TRY1,5.05
12/6/2023,TRY1,5.07
12/5/2023,TRY1,5.06
12/4/2023,TRY1,5.1
12/1/2023,TRY1,5.05
11/30/2023,TRY1,5.16
11/29/2023,TRY1,5.12
11/28/2023,TRY1,5.21
11/27/2023,TRY1,5.24
11/24/2023,TRY1,5.27
11/23/2023,TRY1,.
11/22/2023,TRY1,5.26
11/21/2023,TRY1,5.24
11/20/2023,TRY1,5.25
11/17/2023,TRY1,5.24
11/16/2023,TRY1,5.23
11/15/2023,TRY1,5.27
11/14/2023,TRY1,5.24
11/13/2023,TRY1,5.37
11/10/2023,TRY1,5.38
11/9/2023,TRY1,5.39
11/8/2023,TRY1,5.34
11/7/2023,TRY1,5.33
11/6/2023,TRY1,5.33
11/3/2023,TRY1,5.29
11/2/2023,TRY1,5.38
11/1/2023,TRY1,5.37
10/31/2023,TRY1,5.44
10/30/2023,TRY1,5.41
10/27/2023,TRY1,5.39
10/26/2023,TRY1,5.39
10/25/2023,TRY1,5.43
10/24/2023,TRY1,5.41
10/23/2023,TRY1,5.42
10/20/2023,TRY1,5.41
10/19/2023,TRY1,5.44
10/18/2023,TRY1,5.47
10/17/2023,TRY1,5.48
10/16/2023,TRY1,5.42
10/13/2023,TRY1,5.41
10/12/2023,TRY1,5.43
10/11/2023,TRY1,5.38
10/10/2023,TRY1,5.37
10/9/2023,TRY1,.
10/6/2023,TRY1,5.43
10/5/2023,TRY1,5.39
10/4/2023,TRY1,5.42
10/3/2023,TRY1,5.49
10/2/2023,TRY1,5.49
9/29/2023,TRY1,5.46
9/28/2023,TRY1,5.46
9/27/2023,TRY1,5.49
9/26/2023,TRY1,5.45
9/25/2023,TRY1,5.45
9/22/2023,TRY1,5.46
9/21/2023,TRY1,5.46
9/20/2023,TRY1,5.47
9/19/2023,TRY1,5.45
9/18/2023,TRY1,5.44
9/15/2023,TRY1,5.43
9/14/2023,TRY1,5.42
9/13/2023,TRY1,5.42
9/12/2023,TRY1,5.42
9/11/2023,TRY1,5.4
9/8/2023,TRY1,5.42
9/7/2023,TRY1,5.4
9/6/2023,TRY1,5.44
9/5/2023,TRY1,5.42
9/4/2023,TRY1,.
9/1/2023,TRY1,5.36
8/31/2023,TRY1,5.37
8/30/2023,TRY1,5.39
8/29/2023,TRY1,5.37
8/28/2023,TRY1,5.44
8/25/2023,TRY1,5.44
8/24/2023,TRY1,5.39
8/23/2023,TRY1,5.35
8/22/2023,TRY1,5.39
8/21/2023,TRY1,5.37
8/18/2023,TRY1,5.35
8/17/2023,TRY1,5.36
8/16/2023,TRY1,5.37
8/15/2023,TRY1,5.36
8/14/2023,TRY1,5.37
8/11/2023,TRY1,5.36
8/10/2023,TRY1,5.33
8/9/2023,TRY1,5.35
8/8/2023,TRY1,5.35
8/7/2023,TRY1,5.3
8/4/2023,TRY1,5.33
8/3/2023,TRY1,5.37
8/2/2023,TRY1,5.36
8/1/2023,TRY1,5.38
7/31/2023,TRY1,5.37
7/28/2023,TRY1,5.37
7/27/2023,TRY1,5.4
7/26/2023,TRY1,5.37
7/25/2023,TRY1,5.38
7/24/2023,TRY1,5.38
7/21/2023,TRY1,5.35
7/20/2023,TRY1,5.35
7/19/2023,TRY1,5.32
7/18/2023,TRY1,5.32
7/17/2023,TRY1,5.33
7/14/2023,TRY1,5.34
7/13/2023,TRY1,5.27
7/12/2023,TRY1,5.35
7/11/2023,TRY1,5.44
7/10/2023,TRY1,5.38
7/7/2023,TRY1,5.41
7/6/2023,TRY1,5.44
7/5/2023,TRY1,5.4
7/4/2023,TRY1,.
7/3/2023,TRY1,5.43
6/30/2023,TRY1,5.4
6/29/2023,TRY1,5.41
6/28/2023,TRY1,5.32
6/27/2023,TRY1,5.33
6/26/2023,TRY1,5.27
6/23/2023,TRY1,5.25
6/22/2023,TRY1,5.29
6/21/2023,TRY1,5.25
6/20/2023,TRY1,5.24
6/19/2023,TRY1,.
6/16/2023,TRY1,5.24
6/15/2023,TRY1,5.21
6/14/2023,TRY1,5.27
6/13/2023,TRY1,5.26
6/12/2023,TRY1,5.18
6/9/2023,TRY1,5.17
6/8/2023,TRY1,5.12
6/7/2023,TRY1,5.16
6/6/2023,TRY1,5.2
6/5/2023,TRY1,5.17
6/2/2023,TRY1,5.22
6/1/2023,TRY1,5.11
5/31/2023,TRY1,5.18
5/30/2023,TRY1,5.22
5/29/2023,TRY1,.
5/26/2023,TRY1,5.25
5/25/2023,TRY1,5.24
5/24/2023,TRY1,5.12
5/23/2023,TRY1,5.06
5/22/2023,TRY1,5.07
5/19/2023,TRY1,5.02
5/18/2023,TRY1,5.02
5/17/2023,TRY1,4.92
5/16/2023,TRY1,4.88
5/15/2023,TRY1,4.73
5/12/2023,TRY1,4.75
5/11/2023,TRY1,4.7
5/10/2023,TRY1,4.7
5/9/2023,TRY1,4.81
5/8/2023,TRY1,4.79
5/5/2023,TRY1,4.73
5/4/2023,TRY1,4.59
5/3/2023,TRY1,4.7
5/2/2023,TRY1,4.74
5/1/2023,TRY1,4.86
4/28/2023,TRY1,4.8
4/27/2023,TRY1,4.78
4/26/2023,TRY1,4.64
4/25/2023,TRY1,4.6
4/24/2023,TRY1,4.76
4/21/2023,TRY1,4.78
4/20/2023,TRY1,4.77
4/19/2023,TRY1,4.84
4/18/2023,TRY1,4.81
4/17/2023,TRY1,4.8
4/14/2023,TRY1,4.77
4/13/2023,TRY1,4.66
4/12/2023,TRY1,4.64
4/11/2023,TRY1,4.67
4/10/2023,TRY1,4.65
4/7/2023,TRY1,4.61
4/6/2023,TRY1,4.51
4/5/2023,TRY1,4.43
4/4/2023,TRY1,4.5
4/3/2023,TRY1,4.6
3/31/2023,TRY1,4.64
3/30/2023,TRY1,4.63
3/29/2023,TRY1,4.59
3/28/2023,TRY1,4.55
3/27/2023,TRY1,4.51
3/24/2023,TRY1,4.32
3/23/2023,TRY1,4.38
3/22/2023,TRY1,4.56
3/21/2023,TRY1,4.68
3/20/2023,TRY1,4.34
3/17/2023,TRY1,4.26
3/16/2023,TRY1,4.49
3/15/2023,TRY1,4.19
3/14/2023,TRY1,4.45
3/13/2023,TRY1,4.3
3/10/2023,TRY1,4.9
3/9/2023,TRY1,5.18
3/8/2023,TRY1,5.25
3/7/2023,TRY1,5.22
3/6/2023,TRY1,5.05
3/3/2023,TRY1,5.03
3/2/2023,TRY1,5.04
3/1/2023,TRY1,5.06
2/28/2023,TRY1,5.02
2/27/2023,TRY1,5.03
2/24/2023,TRY1,5.05
2/23/2023,TRY1,5.03
2/22/2023,TRY1,5.07
2/21/2023,TRY1,5.07
2/20/2023,TRY1,.
2/17/2023,TRY1,5
2/16/2023,TRY1,4.99
2/15/2023,TRY1,4.96
2/14/2023,TRY1,4.99
2/13/2023,TRY1,4.91
2/10/2023,TRY1,4.89
2/9/2023,TRY1,4.88
2/8/2023,TRY1,4.87
2/7/2023,TRY1,4.88
2/6/2023,TRY1,4.85
2/3/2023,TRY1,4.79
2/2/2023,TRY1,4.64
2/1/2023,TRY1,4.66
1/31/2023,TRY1,4.68
1/30/2023,TRY1,4.71
1/27/2023,TRY1,4.68
1/26/2023,TRY1,4.68
1/25/2023,TRY1,4.67
1/24/2023,TRY1,4.7
1/23/2023,TRY1,4.7
1/20/2023,TRY1,4.68
1/19/2023,TRY1,4.65
1/18/2023,TRY1,4.63
1/17/2023,TRY1,4.67
1/16/2023,TRY1,.
1/13/2023,TRY1,4.69
1/12/2023,TRY1,4.66
1/11/2023,TRY1,4.73
1/10/2023,TRY1,4.74
1/9/2023,TRY1,4.69
1/6/2023,TRY1,4.71
1/5/2023,TRY1,4.78
1/4/2023,TRY1,4.71
1/3/2023,TRY1,4.72
1/2/2023,TRY1,.
12/30/2022,TRY1,4.73
12/29/2022,TRY1,4.71
12/28/2022,TRY1,4.71
12/27/2022,TRY1,4.75
12/26/2022,TRY1,.
12/23/2022,TRY1,4.66
12/22/2022,TRY1,4.64
12/21/2022,TRY1,4.6
12/20/2022,TRY1,4.64
12/19/2022,TRY1,4.64
12/16/2022,TRY1,4.61
12/15/2022,TRY1,4.65
12/14/2022,TRY1,4.64
12/13/2022,TRY1,4.64
12/12/2022,TRY1,4.75
12/9/2022,TRY1,4.72
12/8/2022,TRY1,4.71
12/7/2022,TRY1,4.67
12/6/2022,TRY1,4.73
12/5/2022,TRY1,4.77
12/2/2022,TRY1,4.69
12/1/2022,TRY1,4.66
11/30/2022,TRY1,4.74
11/29/2022,TRY1,4.78
11/28/2022,TRY1,4.76
11/25/2022,TRY1,4.76
11/24/2022,TRY1,.
11/23/2022,TRY1,4.75
11/22/2022,TRY1,4.79
11/21/2022,TRY1,4.75
11/18/2022,TRY1,4.74
11/17/2022,TRY1,4.68
11/16/2022,TRY1,4.62
11/15/2022,TRY1,4.6
11/14/2022,TRY1,4.63
11/11/2022,TRY1,.
11/10/2022,TRY1,4.59
11/9/2022,TRY1,4.75
11/8/2022,TRY1,4.77
11/7/2022,TRY1,4.8
11/4/2022,TRY1,4.76
11/3/2022,TRY1,4.78
11/2/2022,TRY1,4.76
11/1/2022,TRY1,4.75
10/31/2022,TRY1,4.66
10/28/2022,TRY1,4.55
10/27/2022,TRY1,4.5
10/26/2022,TRY1,4.54
10/25/2022,TRY1,4.6
10/24/2022,TRY1,4.61
10/21/2022,TRY1,4.58
10/20/2022,TRY1,4.66
10/19/2022,TRY1,4.6
10/18/2022,TRY1,4.5
10/17/2022,TRY1,4.5
10/14/2022,TRY1,4.5
10/13/2022,TRY1,4.46
10/12/2022,TRY1,4.28
10/11/2022,TRY1,4.28
10/10/2022,TRY1,.
10/7/2022,TRY1,4.24
10/6/2022,TRY1,4.19
10/5/2022,TRY1,4.14
10/4/2022,TRY1,4.15
10/3/2022,TRY1,4.01
9/30/2022,TRY1,4.05
9/29/2022,TRY1,3.98
9/28/2022,TRY1,3.99
9/27/2022,TRY1,4.16
9/26/2022,TRY1,4.17
9/23/2022,TRY1,4.15
9/22/2022,TRY1,4.08
9/21/2022,TRY1,4.08
9/20/2022,TRY1,4.03
9/19/2022,TRY1,4.05
9/16/2022,TRY1,3.96
9/15/2022,TRY1,4
9/14/2022,TRY1,3.95
9/13/2022,TRY1,3.92
9/12/2022,TRY1,3.7
9/9/2022,TRY1,3.67
9/8/2022,TRY1,3.6
9/7/2022,TRY1,3.6
9/6/2022,TRY1,3.61
9/5/2022,TRY1,.
9/2/2022,TRY1,3.47
9/1/2022,TRY1,3.51
8/31/2022,TRY1,3.5
8/30/2022,TRY1,3.48
8/29/2022,TRY1,3.43
8/26/2022,TRY1,3.36
8/25/2022,TRY1,3.33
8/24/2022,TRY1,3.35
8/23/2022,TRY1,3.29
8/22/2022,TRY1,3.32
8/19/2022,TRY1,3.26
8/18/2022,TRY1,3.24
8/17/2022,TRY1,3.27
8/16/2022,TRY1,3.26
8/15/2022,TRY1,3.23
8/12/2022,TRY1,3.26
8/11/2022,TRY1,3.25
8/10/2022,TRY1,3.26
8/9/2022,TRY1,3.33
8/8/2022,TRY1,3.3
8/5/2022,TRY1,3.29
8/4/2022,TRY1,3.11
8/3/2022,TRY1,3.14
8/2/2022,TRY1,3.09
8/1/2022,TRY1,2.98
7/29/2022,TRY1,2.98
7/28/2022,TRY1,2.93
7/27/2022,TRY1,3
7/26/2022,TRY1,3.06
7/25/2022,TRY1,3.07
7/22/2022,TRY1,3.01
7/21/2022,TRY1,3.11
7/20/2022,TRY1,3.18
7/19/2022,TRY1,3.18
7/18/2022,TRY1,3.13
7/15/2022,TRY1,3.12
7/14/2022,TRY1,3.16
7/13/2022,TRY1,3.21
7/12/2022,TRY1,3.07
7/11/2022,TRY1,2.97
7/8/2022,TRY1,2.96
7/7/2022,TRY1,2.87
7/6/2022,TRY1,2.82
7/5/2022,TRY1,2.77
7/4/2022,TRY1,.
7/1/2022,TRY1,2.79
6/30/2022,TRY1,2.8
6/29/2022,TRY1,2.88
6/28/2022,TRY1,2.88
6/27/2022,TRY1,2.89
6/24/2022,TRY1,2.83
6/23/2022,TRY1,2.78
6/22/2022,TRY1,2.79
6/21/2022,TRY1,2.92
6/20/2022,TRY1,.
6/17/2022,TRY1,2.86
6/16/2022,TRY1,2.88
6/15/2022,TRY1,2.93
6/14/2022,TRY1,3.15
6/13/2022,TRY1,2.89
6/10/2022,TRY1,2.58
6/9/2022,TRY1,2.35
6/8/2022,TRY1,2.29
6/7/2022,TRY1,2.26
6/6/2022,TRY1,2.23
6/3/2022,TRY1,2.18
6/2/2022,TRY1,2.15
6/1/2022,TRY1,2.16
5/31/2022,TRY1,2.08
5/30/2022,TRY1,.
5/27/2022,TRY1,2.01
5/26/2022,TRY1,1.99
5/25/2022,TRY1,2.01
5/24/2022,TRY1,2.02
5/23/2022,TRY1,2.09
5/20/2022,TRY1,2.07
5/19/2022,TRY1,2.11
5/18/2022,TRY1,2.16
5/17/2022,TRY1,2.16
5/16/2022,TRY1,2.07
5/13/2022,TRY1,2.04
5/12/2022,TRY1,1.96
5/11/2022,TRY1,1.99
5/10/2022,TRY1,2.01
5/9/2022,TRY1,1.99
5/6/2022,TRY1,2.08
5/5/2022,TRY1,2.08
5/4/2022,TRY1,2.07
5/3/2022,TRY1,2.16
5/2/2022,TRY1,2.1
4/29/2022,TRY1,2.1
4/28/2022,TRY1,2.04
4/27/2022,TRY1,1.97
4/26/2022,TRY1,1.99
4/25/2022,TRY1,2.03
4/22/2022,TRY1,2.06
4/21/2022,TRY1,2.01
4/20/2022,TRY1,1.93
4/19/2022,TRY1,1.94
4/18/2022,TRY1,1.84
4/15/2022,TRY1,.
4/14/2022,TRY1,1.84
4/13/2022,TRY1,1.78
4/12/2022,TRY1,1.77
4/11/2022,TRY1,1.85
4/8/2022,TRY1,1.81
4/7/2022,TRY1,1.78
4/6/2022,TRY1,1.79
4/5/2022,TRY1,1.77
4/4/2022,TRY1,1.72
4/1/2022,TRY1,1.72
3/31/2022,TRY1,1.63
3/30/2022,TRY1,1.64
3/29/2022,TRY1,1.67
3/28/2022,TRY1,1.69
3/25/2022,TRY1,1.67
3/24/2022,TRY1,1.55
3/23/2022,TRY1,1.52
3/22/2022,TRY1,1.59
3/21/2022,TRY1,1.4
3/18/2022,TRY1,1.29
3/17/2022,TRY1,1.3
3/16/2022,TRY1,1.35
3/15/2022,TRY1,1.28
3/14/2022,TRY1,1.28
3/11/2022,TRY1,1.22
3/10/2022,TRY1,1.19
3/9/2022,TRY1,1.15
3/8/2022,TRY1,1.12
3/7/2022,TRY1,1.07
3/4/2022,TRY1,1.05
3/3/2022,TRY1,1.08
3/2/2022,TRY1,1.06
3/1/2022,TRY1,0.91
2/28/2022,TRY1,1.01
2/25/2022,TRY1,1.13
2/24/2022,TRY1,1.08
2/23/2022,TRY1,1.16
2/22/2022,TRY1,1.17
2/21/2022,TRY1,.
2/18/2022,TRY1,1.03
2/17/2022,TRY1,1.05
2/16/2022,TRY1,1.09
2/15/2022,TRY1,1.11
2/14/2022,TRY1,1.13
2/11/2022,TRY1,1.07
2/10/2022,TRY1,1.14
2/9/2022,TRY1,0.91
2/8/2022,TRY1,0.91
2/7/2022,TRY1,0.88
2/4/2022,TRY1,0.89
2/3/2022,TRY1,0.78
2/2/2022,TRY1,0.76
2/1/2022,TRY1,0.78
1/31/2022,TRY1,0.78
1/28/2022,TRY1,0.75
1/27/2022,TRY1,0.75
1/26/2022,TRY1,0.7
1/25/2022,TRY1,0.65
1/24/2022,TRY1,0.58
1/21/2022,TRY1,0.58
1/20/2022,TRY1,0.6
1/19/2022,TRY1,0.57
1/18/2022,TRY1,0.58
1/17/2022,TRY1,.
1/14/2022,TRY1,0.51
1/13/2022,TRY1,0.47
1/12/2022,TRY1,0.48
1/11/2022,TRY1,0.46
1/10/2022,TRY1,0.46
1/7/2022,TRY1,0.43
1/6/2022,TRY1,0.45
1/5/2022,TRY1,0.41
1/4/2022,TRY1,0.38
1/3/2022,TRY1,0.4
2/12/2024,TRY2,4.46
2/9/2024,TRY2,4.48
2/8/2024,TRY2,4.46
2/7/2024,TRY2,4.41
2/6/2024,TRY2,4.39
2/5/2024,TRY2,4.46
2/2/2024,TRY2,4.36
2/1/2024,TRY2,4.2
1/31/2024,TRY2,4.27
1/30/2024,TRY2,4.36
1/29/2024,TRY2,4.29
1/26/2024,TRY2,4.34
1/25/2024,TRY2,4.28
1/24/2024,TRY2,4.34
1/23/2024,TRY2,4.31
1/22/2024,TRY2,4.37
1/19/2024,TRY2,4.39
1/18/2024,TRY2,4.34
1/17/2024,TRY2,4.34
1/16/2024,TRY2,4.22
1/15/2024,TRY2,.
1/12/2024,TRY2,4.14
1/11/2024,TRY2,4.26
1/10/2024,TRY2,4.37
1/9/2024,TRY2,4.36
1/8/2024,TRY2,4.36
1/5/2024,TRY2,4.4
1/4/2024,TRY2,4.38
1/3/2024,TRY2,4.33
1/2/2024,TRY2,4.33
1/1/2024,TRY2,.
12/29/2023,TRY2,4.23
12/28/2023,TRY2,4.26
12/27/2023,TRY2,4.2
12/26/2023,TRY2,4.26
12/25/2023,TRY2,.
12/22/2023,TRY2,4.31
12/21/2023,TRY2,4.33
12/20/2023,TRY2,4.34
12/19/2023,TRY2,4.41
12/18/2023,TRY2,4.43
12/15/2023,TRY2,4.44
12/14/2023,TRY2,4.37
12/13/2023,TRY2,4.46
12/12/2023,TRY2,4.73
12/11/2023,TRY2,4.71
12/8/2023,TRY2,4.71
12/7/2023,TRY2,4.58
12/6/2023,TRY2,4.6
12/5/2023,TRY2,4.57
12/4/2023,TRY2,4.64
12/1/2023,TRY2,4.56
11/30/2023,TRY2,4.73
11/29/2023,TRY2,4.64
11/28/2023,TRY2,4.73
11/27/2023,TRY2,4.84
11/24/2023,TRY2,4.92
11/23/2023,TRY2,.
11/22/2023,TRY2,4.89
11/21/2023,TRY2,4.86
11/20/2023,TRY2,4.89
11/17/2023,TRY2,4.88
11/16/2023,TRY2,4.83
11/15/2023,TRY2,4.9
11/14/2023,TRY2,4.8
11/13/2023,TRY2,5.02
11/10/2023,TRY2,5.04
11/9/2023,TRY2,5.03
11/8/2023,TRY2,4.93
11/7/2023,TRY2,4.91
11/6/2023,TRY2,4.93
11/3/2023,TRY2,4.83
11/2/2023,TRY2,4.98
11/1/2023,TRY2,4.95
10/31/2023,TRY2,5.07
10/30/2023,TRY2,5.03
10/27/2023,TRY2,4.99
10/26/2023,TRY2,5.02
10/25/2023,TRY2,5.08
10/24/2023,TRY2,5.02
10/23/2023,TRY2,5.05
10/20/2023,TRY2,5.07
10/19/2023,TRY2,5.14
10/18/2023,TRY2,5.19
10/17/2023,TRY2,5.19
10/16/2023,TRY2,5.09
10/13/2023,TRY2,5.04
10/12/2023,TRY2,5.06
10/11/2023,TRY2,4.99
10/10/2023,TRY2,4.96
10/9/2023,TRY2,.
10/6/2023,TRY2,5.08
10/5/2023,TRY2,5.03
10/4/2023,TRY2,5.05
10/3/2023,TRY2,5.15
10/2/2023,TRY2,5.12
9/29/2023,TRY2,5.03
9/28/2023,TRY2,5.04
9/27/2023,TRY2,5.1
9/26/2023,TRY2,5.04
9/25/2023,TRY2,5.09
9/22/2023,TRY2,5.1
9/21/2023,TRY2,5.12
9/20/2023,TRY2,5.12
9/19/2023,TRY2,5.08
9/18/2023,TRY2,5.05
9/15/2023,TRY2,5.02
9/14/2023,TRY2,5
9/13/2023,TRY2,4.96
9/12/2023,TRY2,4.98
9/11/2023,TRY2,4.97
9/8/2023,TRY2,4.98
9/7/2023,TRY2,4.94
9/6/2023,TRY2,5.01
9/5/2023,TRY2,4.94
9/4/2023,TRY2,.
9/1/2023,TRY2,4.87
8/31/2023,TRY2,4.85
8/30/2023,TRY2,4.9
8/29/2023,TRY2,4.87
8/28/2023,TRY2,4.98
8/25/2023,TRY2,5.03
8/24/2023,TRY2,4.98
8/23/2023,TRY2,4.95
8/22/2023,TRY2,5.02
8/21/2023,TRY2,4.97
8/18/2023,TRY2,4.92
8/17/2023,TRY2,4.94
8/16/2023,TRY2,4.97
8/15/2023,TRY2,4.92
8/14/2023,TRY2,4.96
8/11/2023,TRY2,4.89
8/10/2023,TRY2,4.82
8/9/2023,TRY2,4.79
8/8/2023,TRY2,4.74
8/7/2023,TRY2,4.76
8/4/2023,TRY2,4.78
8/3/2023,TRY2,4.9
8/2/2023,TRY2,4.88
8/1/2023,TRY2,4.92
7/31/2023,TRY2,4.88
7/28/2023,TRY2,4.87
7/27/2023,TRY2,4.91
7/26/2023,TRY2,4.82
7/25/2023,TRY2,4.85
7/24/2023,TRY2,4.81
7/21/2023,TRY2,4.82
7/20/2023,TRY2,4.8
7/19/2023,TRY2,4.74
7/18/2023,TRY2,4.74
7/17/2023,TRY2,4.74
7/14/2023,TRY2,4.74
7/13/2023,TRY2,4.59
7/12/2023,TRY2,4.72
7/11/2023,TRY2,4.88
7/10/2023,TRY2,4.85
7/7/2023,TRY2,4.94
7/6/2023,TRY2,4.99
7/5/2023,TRY2,4.94
7/4/2023,TRY2,.
7/3/2023,TRY2,4.94
6/30/2023,TRY2,4.87
6/29/2023,TRY2,4.87
6/28/2023,TRY2,4.71
6/27/2023,TRY2,4.74
6/26/2023,TRY2,4.65
6/23/2023,TRY2,4.71
6/22/2023,TRY2,4.77
6/21/2023,TRY2,4.68
6/20/2023,TRY2,4.68
6/19/2023,TRY2,.
6/16/2023,TRY2,4.7
6/15/2023,TRY2,4.62
6/14/2023,TRY2,4.74
6/13/2023,TRY2,4.67
6/12/2023,TRY2,4.55
6/9/2023,TRY2,4.59
6/8/2023,TRY2,4.52
6/7/2023,TRY2,4.56
6/6/2023,TRY2,4.51
6/5/2023,TRY2,4.46
6/2/2023,TRY2,4.5
6/1/2023,TRY2,4.33
5/31/2023,TRY2,4.4
5/30/2023,TRY2,4.46
5/29/2023,TRY2,.
5/26/2023,TRY2,4.54
5/25/2023,TRY2,4.5
5/24/2023,TRY2,4.31
5/23/2023,TRY2,4.26
5/22/2023,TRY2,4.29
5/19/2023,TRY2,4.28
5/18/2023,TRY2,4.24
5/17/2023,TRY2,4.12
5/16/2023,TRY2,4.06
5/15/2023,TRY2,3.99
5/12/2023,TRY2,3.98
5/11/2023,TRY2,3.89
5/10/2023,TRY2,3.9
5/9/2023,TRY2,4.01
5/8/2023,TRY2,4
5/5/2023,TRY2,3.92
5/4/2023,TRY2,3.75
5/3/2023,TRY2,3.89
5/2/2023,TRY2,3.97
5/1/2023,TRY2,4.14
4/28/2023,TRY2,4.04
4/27/2023,TRY2,4.07
4/26/2023,TRY2,3.9
4/25/2023,TRY2,3.86
4/24/2023,TRY2,4.12
4/21/2023,TRY2,4.17
4/20/2023,TRY2,4.14
4/19/2023,TRY2,4.24
4/18/2023,TRY2,4.19
4/17/2023,TRY2,4.18
4/14/2023,TRY2,4.08
4/13/2023,TRY2,3.96
4/12/2023,TRY2,3.95
4/11/2023,TRY2,4.03
4/10/2023,TRY2,4
4/7/2023,TRY2,3.97
4/6/2023,TRY2,3.82
4/5/2023,TRY2,3.79
4/4/2023,TRY2,3.84
4/3/2023,TRY2,3.97
3/31/2023,TRY2,4.06
3/30/2023,TRY2,4.1
3/29/2023,TRY2,4.08
3/28/2023,TRY2,4.02
3/27/2023,TRY2,3.94
3/24/2023,TRY2,3.76
3/23/2023,TRY2,3.76
3/22/2023,TRY2,3.96
3/21/2023,TRY2,4.17
3/20/2023,TRY2,3.92
3/17/2023,TRY2,3.81
3/16/2023,TRY2,4.14
3/15/2023,TRY2,3.93
3/14/2023,TRY2,4.2
3/13/2023,TRY2,4.03
3/10/2023,TRY2,4.6
3/9/2023,TRY2,4.9
3/8/2023,TRY2,5.05
3/7/2023,TRY2,5
3/6/2023,TRY2,4.89
3/3/2023,TRY2,4.86
3/2/2023,TRY2,4.89
3/1/2023,TRY2,4.89
2/28/2023,TRY2,4.81
2/27/2023,TRY2,4.78
2/24/2023,TRY2,4.78
2/23/2023,TRY2,4.66
2/22/2023,TRY2,4.66
2/21/2023,TRY2,4.67
2/20/2023,TRY2,.
2/17/2023,TRY2,4.6
2/16/2023,TRY2,4.62
2/15/2023,TRY2,4.62
2/14/2023,TRY2,4.6
2/13/2023,TRY2,4.52
2/10/2023,TRY2,4.5
2/9/2023,TRY2,4.48
2/8/2023,TRY2,4.45
2/7/2023,TRY2,4.47
2/6/2023,TRY2,4.44
2/3/2023,TRY2,4.3
2/2/2023,TRY2,4.09
2/1/2023,TRY2,4.09
1/31/2023,TRY2,4.21
1/30/2023,TRY2,4.25
1/27/2023,TRY2,4.19
1/26/2023,TRY2,4.17
1/25/2023,TRY2,4.11
1/24/2023,TRY2,4.12
1/23/2023,TRY2,4.21
1/20/2023,TRY2,4.14
1/19/2023,TRY2,4.09
1/18/2023,TRY2,4.06
1/17/2023,TRY2,4.18
1/16/2023,TRY2,.
1/13/2023,TRY2,4.22
1/12/2023,TRY2,4.12
1/11/2023,TRY2,4.2
1/10/2023,TRY2,4.24
1/9/2023,TRY2,4.19
1/6/2023,TRY2,4.24
1/5/2023,TRY2,4.45
1/4/2023,TRY2,4.36
1/3/2023,TRY2,4.4
1/2/2023,TRY2,.
12/30/2022,TRY2,4.41
12/29/2022,TRY2,4.34
12/28/2022,TRY2,4.31
12/27/2022,TRY2,4.32
12/26/2022,TRY2,.
12/23/2022,TRY2,4.31
12/22/2022,TRY2,4.24
12/21/2022,TRY2,4.21
12/20/2022,TRY2,4.25
12/19/2022,TRY2,4.25
12/16/2022,TRY2,4.17
12/15/2022,TRY2,4.23
12/14/2022,TRY2,4.23
12/13/2022,TRY2,4.22
12/12/2022,TRY2,4.39
12/9/2022,TRY2,4.33
12/8/2022,TRY2,4.31
12/7/2022,TRY2,4.26
12/6/2022,TRY2,4.34
12/5/2022,TRY2,4.41
12/2/2022,TRY2,4.28
12/1/2022,TRY2,4.25
11/30/2022,TRY2,4.38
11/29/2022,TRY2,4.48
11/28/2022,TRY2,4.46
11/25/2022,TRY2,4.42
11/24/2022,TRY2,.
11/23/2022,TRY2,4.46
11/22/2022,TRY2,4.47
11/21/2022,TRY2,4.48
11/18/2022,TRY2,4.51
11/17/2022,TRY2,4.43
11/16/2022,TRY2,4.35
11/15/2022,TRY2,4.37
11/14/2022,TRY2,4.4
11/11/2022,TRY2,.
11/10/2022,TRY2,4.34
11/9/2022,TRY2,4.61
11/8/2022,TRY2,4.67
11/7/2022,TRY2,4.72
11/4/2022,TRY2,4.66
11/3/2022,TRY2,4.71
11/2/2022,TRY2,4.61
11/1/2022,TRY2,4.54
10/31/2022,TRY2,4.51
10/28/2022,TRY2,4.41
10/27/2022,TRY2,4.3
10/26/2022,TRY2,4.39
10/25/2022,TRY2,4.42
10/24/2022,TRY2,4.5
10/21/2022,TRY2,4.49
10/20/2022,TRY2,4.62
10/19/2022,TRY2,4.55
10/18/2022,TRY2,4.43
10/17/2022,TRY2,4.45
10/14/2022,TRY2,4.48
10/13/2022,TRY2,4.47
10/12/2022,TRY2,4.28
10/11/2022,TRY2,4.3
10/10/2022,TRY2,.
10/7/2022,TRY2,4.3
10/6/2022,TRY2,4.23
10/5/2022,TRY2,4.15
10/4/2022,TRY2,4.1
10/3/2022,TRY2,4.12
9/30/2022,TRY2,4.22
9/29/2022,TRY2,4.16
9/28/2022,TRY2,4.07
9/27/2022,TRY2,4.3
9/26/2022,TRY2,4.27
9/23/2022,TRY2,4.2
9/22/2022,TRY2,4.11
9/21/2022,TRY2,4.02
9/20/2022,TRY2,3.96
9/19/2022,TRY2,3.95
9/16/2022,TRY2,3.85
9/15/2022,TRY2,3.87
9/14/2022,TRY2,3.78
9/13/2022,TRY2,3.75
9/12/2022,TRY2,3.58
9/9/2022,TRY2,3.56
9/8/2022,TRY2,3.48
9/7/2022,TRY2,3.45
9/6/2022,TRY2,3.5
9/5/2022,TRY2,.
9/2/2022,TRY2,3.4
9/1/2022,TRY2,3.51
8/31/2022,TRY2,3.45
8/30/2022,TRY2,3.46
8/29/2022,TRY2,3.42
8/26/2022,TRY2,3.37
8/25/2022,TRY2,3.35
8/24/2022,TRY2,3.36
8/23/2022,TRY2,3.29
8/22/2022,TRY2,3.32
8/19/2022,TRY2,3.25
8/18/2022,TRY2,3.22
8/17/2022,TRY2,3.28
8/16/2022,TRY2,3.25
8/15/2022,TRY2,3.2
8/12/2022,TRY2,3.25
8/11/2022,TRY2,3.23
8/10/2022,TRY2,3.23
8/9/2022,TRY2,3.28
8/8/2022,TRY2,3.21
8/5/2022,TRY2,3.24
8/4/2022,TRY2,3.03
8/3/2022,TRY2,3.1
8/2/2022,TRY2,3.06
8/1/2022,TRY2,2.9
7/29/2022,TRY2,2.89
7/28/2022,TRY2,2.85
7/27/2022,TRY2,2.96
7/26/2022,TRY2,3.02
7/25/2022,TRY2,3
7/22/2022,TRY2,2.98
7/21/2022,TRY2,3.1
7/20/2022,TRY2,3.25
7/19/2022,TRY2,3.23
7/18/2022,TRY2,3.15
7/15/2022,TRY2,3.13
7/14/2022,TRY2,3.15
7/13/2022,TRY2,3.13
7/12/2022,TRY2,3.03
7/11/2022,TRY2,3.07
7/8/2022,TRY2,3.12
7/7/2022,TRY2,3.03
7/6/2022,TRY2,2.97
7/5/2022,TRY2,2.82
7/4/2022,TRY2,.
7/1/2022,TRY2,2.84
6/30/2022,TRY2,2.92
6/29/2022,TRY2,3.06
6/28/2022,TRY2,3.1
6/27/2022,TRY2,3.08
6/24/2022,TRY2,3.04
6/23/2022,TRY2,3.01
6/22/2022,TRY2,3.06
6/21/2022,TRY2,3.21
6/20/2022,TRY2,.
6/17/2022,TRY2,3.17
6/16/2022,TRY2,3.14
6/15/2022,TRY2,3.2
6/14/2022,TRY2,3.45
6/13/2022,TRY2,3.4
6/10/2022,TRY2,3.06
6/9/2022,TRY2,2.83
6/8/2022,TRY2,2.78
6/7/2022,TRY2,2.75
6/6/2022,TRY2,2.73
6/3/2022,TRY2,2.66
6/2/2022,TRY2,2.65
6/1/2022,TRY2,2.66
5/31/2022,TRY2,2.53
5/30/2022,TRY2,.
5/27/2022,TRY2,2.47
5/26/2022,TRY2,2.46
5/25/2022,TRY2,2.48
5/24/2022,TRY2,2.5
5/23/2022,TRY2,2.65
5/20/2022,TRY2,2.6
5/19/2022,TRY2,2.63
5/18/2022,TRY2,2.68
5/17/2022,TRY2,2.71
5/16/2022,TRY2,2.58
5/13/2022,TRY2,2.61
5/12/2022,TRY2,2.56
5/11/2022,TRY2,2.66
5/10/2022,TRY2,2.62
5/9/2022,TRY2,2.61
5/6/2022,TRY2,2.72
5/5/2022,TRY2,2.71
5/4/2022,TRY2,2.66
5/3/2022,TRY2,2.78
5/2/2022,TRY2,2.73
4/29/2022,TRY2,2.7
4/28/2022,TRY2,2.63
4/27/2022,TRY2,2.58
4/26/2022,TRY2,2.54
4/25/2022,TRY2,2.63
4/22/2022,TRY2,2.72
4/21/2022,TRY2,2.68
4/20/2022,TRY2,2.6
4/19/2022,TRY2,2.61
4/18/2022,TRY2,2.46
4/15/2022,TRY2,.
4/14/2022,TRY2,2.47
4/13/2022,TRY2,2.37
4/12/2022,TRY2,2.39
4/11/2022,TRY2,2.5
4/8/2022,TRY2,2.53
4/7/2022,TRY2,2.47
4/6/2022,TRY2,2.5
4/5/2022,TRY2,2.51
4/4/2022,TRY2,2.43
4/1/2022,TRY2,2.44
3/31/2022,TRY2,2.28
3/30/2022,TRY2,2.31
3/29/2022,TRY2,2.35
3/28/2022,TRY2,2.35
3/25/2022,TRY2,2.3
3/24/2022,TRY2,2.13
3/23/2022,TRY2,2.13
3/22/2022,TRY2,2.18
3/21/2022,TRY2,2.14
3/18/2022,TRY2,1.97
3/17/2022,TRY2,1.94
3/16/2022,TRY2,1.95
3/15/2022,TRY2,1.85
3/14/2022,TRY2,1.87
3/11/2022,TRY2,1.75
3/10/2022,TRY2,1.72
3/9/2022,TRY2,1.68
3/8/2022,TRY2,1.63
3/7/2022,TRY2,1.55
3/4/2022,TRY2,1.5
3/3/2022,TRY2,1.53
3/2/2022,TRY2,1.5
3/1/2022,TRY2,1.31
2/28/2022,TRY2,1.44
2/25/2022,TRY2,1.55
2/24/2022,TRY2,1.54
2/23/2022,TRY2,1.58
2/22/2022,TRY2,1.56
2/21/2022,TRY2,.
2/18/2022,TRY2,1.47
2/17/2022,TRY2,1.49
2/16/2022,TRY2,1.52
2/15/2022,TRY2,1.58
2/14/2022,TRY2,1.58
2/11/2022,TRY2,1.5
2/10/2022,TRY2,1.61
2/9/2022,TRY2,1.36
2/8/2022,TRY2,1.35
2/7/2022,TRY2,1.3
2/4/2022,TRY2,1.31
2/3/2022,TRY2,1.19
2/2/2022,TRY2,1.16
2/1/2022,TRY2,1.18
1/31/2022,TRY2,1.18
1/28/2022,TRY2,1.15
1/27/2022,TRY2,1.18
1/26/2022,TRY2,1.13
1/25/2022,TRY2,1.02
1/24/2022,TRY2,0.99
1/21/2022,TRY2,1.01
1/20/2022,TRY2,1.08
1/19/2022,TRY2,1.04
1/18/2022,TRY2,1.06
1/17/2022,TRY2,.
1/14/2022,TRY2,0.99
1/13/2022,TRY2,0.91
1/12/2022,TRY2,0.92
1/11/2022,TRY2,0.9
1/10/2022,TRY2,0.92
1/7/2022,TRY2,0.87
1/6/2022,TRY2,0.88
1/5/2022,TRY2,0.83
1/4/2022,TRY2,0.77
1/3/2022,TRY2,0.78
2/12/2024,TRY3,4.25
2/9/2024,TRY3,4.25
2/8/2024,TRY3,4.22
2/7/2024,TRY3,4.16
2/6/2024,TRY3,4.14
2/5/2024,TRY3,4.27
2/2/2024,TRY3,4.14
2/1/2024,TRY3,3.96
1/31/2024,TRY3,4.05
1/30/2024,TRY3,4.14
1/29/2024,TRY3,4.1
1/26/2024,TRY3,4.15
1/25/2024,TRY3,4.12
1/24/2024,TRY3,4.19
1/23/2024,TRY3,4.16
1/22/2024,TRY3,4.14
1/19/2024,TRY3,4.18
1/18/2024,TRY3,4.13
1/17/2024,TRY3,4.12
1/16/2024,TRY3,4.02
1/15/2024,TRY3,.
1/12/2024,TRY3,3.92
1/11/2024,TRY3,4.02
1/10/2024,TRY3,4.1
1/9/2024,TRY3,4.09
1/8/2024,TRY3,4.11
1/5/2024,TRY3,4.17
1/4/2024,TRY3,4.14
1/3/2024,TRY3,4.07
1/2/2024,TRY3,4.09
1/1/2024,TRY3,.
12/29/2023,TRY3,4.01
12/28/2023,TRY3,4.02
12/27/2023,TRY3,3.97
12/26/2023,TRY3,4.05
12/25/2023,TRY3,.
12/22/2023,TRY3,4.04
12/21/2023,TRY3,4.06
12/20/2023,TRY3,4.06
12/19/2023,TRY3,4.15
12/18/2023,TRY3,4.15
12/15/2023,TRY3,4.13
12/14/2023,TRY3,4.09
12/13/2023,TRY3,4.18
12/12/2023,TRY3,4.42
12/11/2023,TRY3,4.42
12/8/2023,TRY3,4.45
12/7/2023,TRY3,4.31
12/6/2023,TRY3,4.33
12/5/2023,TRY3,4.33
12/4/2023,TRY3,4.4
12/1/2023,TRY3,4.31
11/30/2023,TRY3,4.48
11/29/2023,TRY3,4.4
11/28/2023,TRY3,4.49
11/27/2023,TRY3,4.6
11/24/2023,TRY3,4.67
11/23/2023,TRY3,.
11/22/2023,TRY3,4.62
11/21/2023,TRY3,4.6
11/20/2023,TRY3,4.62
11/17/2023,TRY3,4.64
11/16/2023,TRY3,4.59
11/15/2023,TRY3,4.68
11/14/2023,TRY3,4.56
11/13/2023,TRY3,4.8
11/10/2023,TRY3,4.8
11/9/2023,TRY3,4.77
11/8/2023,TRY3,4.65
11/7/2023,TRY3,4.64
11/6/2023,TRY3,4.72
11/3/2023,TRY3,4.62
11/2/2023,TRY3,4.78
11/1/2023,TRY3,4.76
10/31/2023,TRY3,4.9
10/30/2023,TRY3,4.87
10/27/2023,TRY3,4.84
10/26/2023,TRY3,4.89
10/25/2023,TRY3,4.98
10/24/2023,TRY3,4.91
10/23/2023,TRY3,4.89
10/20/2023,TRY3,4.93
10/19/2023,TRY3,5.01
10/18/2023,TRY3,5.03
10/17/2023,TRY3,5.01
10/16/2023,TRY3,4.87
10/13/2023,TRY3,4.8
10/12/2023,TRY3,4.82
10/11/2023,TRY3,4.73
10/10/2023,TRY3,4.74
10/9/2023,TRY3,.
10/6/2023,TRY3,4.87
10/5/2023,TRY3,4.82
10/4/2023,TRY3,4.85
10/3/2023,TRY3,4.95
10/2/2023,TRY3,4.88
9/29/2023,TRY3,4.8
9/28/2023,TRY3,4.83
9/27/2023,TRY3,4.89
9/26/2023,TRY3,4.84
9/25/2023,TRY3,4.83
9/22/2023,TRY3,4.8
9/21/2023,TRY3,4.85
9/20/2023,TRY3,4.82
9/19/2023,TRY3,4.79
9/18/2023,TRY3,4.74
9/15/2023,TRY3,4.72
9/14/2023,TRY3,4.68
9/13/2023,TRY3,4.64
9/12/2023,TRY3,4.66
9/11/2023,TRY3,4.64
9/8/2023,TRY3,4.68
9/7/2023,TRY3,4.66
9/6/2023,TRY3,4.73
9/5/2023,TRY3,4.65
9/4/2023,TRY3,.
9/1/2023,TRY3,4.57
8/31/2023,TRY3,4.54
8/30/2023,TRY3,4.57
8/29/2023,TRY3,4.56
8/28/2023,TRY3,4.69
8/25/2023,TRY3,4.72
8/24/2023,TRY3,4.69
8/23/2023,TRY3,4.64
8/22/2023,TRY3,4.75
8/21/2023,TRY3,4.7
8/18/2023,TRY3,4.63
8/17/2023,TRY3,4.67
8/16/2023,TRY3,4.68
8/15/2023,TRY3,4.64
8/14/2023,TRY3,4.64
8/11/2023,TRY3,4.56
8/10/2023,TRY3,4.47
8/9/2023,TRY3,4.41
8/8/2023,TRY3,4.36
8/7/2023,TRY3,4.44
8/4/2023,TRY3,4.45
8/3/2023,TRY3,4.58
8/2/2023,TRY3,4.54
8/1/2023,TRY3,4.57
7/31/2023,TRY3,4.51
7/28/2023,TRY3,4.52
7/27/2023,TRY3,4.58
7/26/2023,TRY3,4.47
7/25/2023,TRY3,4.53
7/24/2023,TRY3,4.48
7/21/2023,TRY3,4.44
7/20/2023,TRY3,4.43
7/19/2023,TRY3,4.34
7/18/2023,TRY3,4.35
7/17/2023,TRY3,4.34
7/14/2023,TRY3,4.35
7/13/2023,TRY3,4.21
7/12/2023,TRY3,4.36
7/11/2023,TRY3,4.52
7/10/2023,TRY3,4.54
7/7/2023,TRY3,4.64
7/6/2023,TRY3,4.68
7/5/2023,TRY3,4.59
7/4/2023,TRY3,.
7/3/2023,TRY3,4.56
6/30/2023,TRY3,4.49
6/29/2023,TRY3,4.49
6/28/2023,TRY3,4.32
6/27/2023,TRY3,4.38
6/26/2023,TRY3,4.3
6/23/2023,TRY3,4.32
6/22/2023,TRY3,4.37
6/21/2023,TRY3,4.29
6/20/2023,TRY3,4.29
6/19/2023,TRY3,.
6/16/2023,TRY3,4.32
6/15/2023,TRY3,4.23
6/14/2023,TRY3,4.37
6/13/2023,TRY3,4.3
6/12/2023,TRY3,4.16
6/9/2023,TRY3,4.23
6/8/2023,TRY3,4.17
6/7/2023,TRY3,4.21
6/6/2023,TRY3,4.15
6/5/2023,TRY3,4.1
6/2/2023,TRY3,4.13
6/1/2023,TRY3,3.98
5/31/2023,TRY3,4.04
5/30/2023,TRY3,4.1
5/29/2023,TRY3,.
5/26/2023,TRY3,4.23
5/25/2023,TRY3,4.21
5/24/2023,TRY3,4.04
5/23/2023,TRY3,3.99
5/22/2023,TRY3,3.98
5/19/2023,TRY3,3.98
5/18/2023,TRY3,3.94
5/17/2023,TRY3,3.8
5/16/2023,TRY3,3.74
5/15/2023,TRY3,3.67
5/12/2023,TRY3,3.65
5/11/2023,TRY3,3.56
5/10/2023,TRY3,3.55
5/9/2023,TRY3,3.67
5/8/2023,TRY3,3.7
5/5/2023,TRY3,3.63
5/4/2023,TRY3,3.47
5/3/2023,TRY3,3.58
5/2/2023,TRY3,3.67
5/1/2023,TRY3,3.85
4/28/2023,TRY3,3.75
4/27/2023,TRY3,3.82
4/26/2023,TRY3,3.65
4/25/2023,TRY3,3.62
4/24/2023,TRY3,3.84
4/21/2023,TRY3,3.89
4/20/2023,TRY3,3.87
4/19/2023,TRY3,3.97
4/18/2023,TRY3,3.92
4/17/2023,TRY3,3.92
4/14/2023,TRY3,3.83
4/13/2023,TRY3,3.7
4/12/2023,TRY3,3.68
4/11/2023,TRY3,3.76
4/10/2023,TRY3,3.75
4/7/2023,TRY3,3.72
4/6/2023,TRY3,3.59
4/5/2023,TRY3,3.55
4/4/2023,TRY3,3.6
4/3/2023,TRY3,3.73
3/31/2023,TRY3,3.81
3/30/2023,TRY3,3.87
3/29/2023,TRY3,3.87
3/28/2023,TRY3,3.84
3/27/2023,TRY3,3.79
3/24/2023,TRY3,3.58
3/23/2023,TRY3,3.57
3/22/2023,TRY3,3.76
3/21/2023,TRY3,3.98
3/20/2023,TRY3,3.77
3/17/2023,TRY3,3.68
3/16/2023,TRY3,3.99
3/15/2023,TRY3,3.83
3/14/2023,TRY3,4.05
3/13/2023,TRY3,3.88
3/10/2023,TRY3,4.31
3/9/2023,TRY3,4.56
3/8/2023,TRY3,4.71
3/7/2023,TRY3,4.66
3/6/2023,TRY3,4.61
3/3/2023,TRY3,4.6
3/2/2023,TRY3,4.63
3/1/2023,TRY3,4.61
2/28/2023,TRY3,4.51
2/27/2023,TRY3,4.49
2/24/2023,TRY3,4.52
2/23/2023,TRY3,4.4
2/22/2023,TRY3,4.43
2/21/2023,TRY3,4.44
2/20/2023,TRY3,.
2/17/2023,TRY3,4.33
2/16/2023,TRY3,4.35
2/15/2023,TRY3,4.35
2/14/2023,TRY3,4.32
2/13/2023,TRY3,4.22
2/10/2023,TRY3,4.19
2/9/2023,TRY3,4.15
2/8/2023,TRY3,4.08
2/7/2023,TRY3,4.11
2/6/2023,TRY3,4.1
2/3/2023,TRY3,3.96
2/2/2023,TRY3,3.75
2/1/2023,TRY3,3.75
1/31/2023,TRY3,3.9
1/30/2023,TRY3,3.96
1/27/2023,TRY3,3.9
1/26/2023,TRY3,3.88
1/25/2023,TRY3,3.84
1/24/2023,TRY3,3.86
1/23/2023,TRY3,3.88
1/20/2023,TRY3,3.83
1/19/2023,TRY3,3.76
1/18/2023,TRY3,3.72
1/17/2023,TRY3,3.86
1/16/2023,TRY3,.
1/13/2023,TRY3,3.88
1/12/2023,TRY3,3.79
1/11/2023,TRY3,3.9
1/10/2023,TRY3,3.94
1/9/2023,TRY3,3.93
1/6/2023,TRY3,3.96
1/5/2023,TRY3,4.18
1/4/2023,TRY3,4.11
1/3/2023,TRY3,4.18
1/2/2023,TRY3,.
12/30/2022,TRY3,4.22
12/29/2022,TRY3,4.16
12/28/2022,TRY3,4.18
12/27/2022,TRY3,4.17
12/26/2022,TRY3,.
12/23/2022,TRY3,4.09
12/22/2022,TRY3,4.02
12/21/2022,TRY3,4
12/20/2022,TRY3,4.03
12/19/2022,TRY3,3.99
12/16/2022,TRY3,3.91
12/15/2022,TRY3,3.96
12/14/2022,TRY3,3.94
12/13/2022,TRY3,3.96
12/12/2022,TRY3,4.1
12/9/2022,TRY3,4.07
12/8/2022,TRY3,4.04
12/7/2022,TRY3,3.97
12/6/2022,TRY3,4.07
12/5/2022,TRY3,4.13
12/2/2022,TRY3,3.99
12/1/2022,TRY3,3.98
11/30/2022,TRY3,4.13
11/29/2022,TRY3,4.24
11/28/2022,TRY3,4.22
11/25/2022,TRY3,4.2
11/24/2022,TRY3,.
11/23/2022,TRY3,4.23
11/22/2022,TRY3,4.27
11/21/2022,TRY3,4.32
11/18/2022,TRY3,4.28
11/17/2022,TRY3,4.22
11/16/2022,TRY3,4.13
11/15/2022,TRY3,4.17
11/14/2022,TRY3,4.24
11/11/2022,TRY3,.
11/10/2022,TRY3,4.17
11/9/2022,TRY3,4.49
11/8/2022,TRY3,4.55
11/7/2022,TRY3,4.63
11/4/2022,TRY3,4.58
11/3/2022,TRY3,4.63
11/2/2022,TRY3,4.54
11/1/2022,TRY3,4.48
10/31/2022,TRY3,4.45
10/28/2022,TRY3,4.38
10/27/2022,TRY3,4.29
10/26/2022,TRY3,4.41
10/25/2022,TRY3,4.45
10/24/2022,TRY3,4.52
10/21/2022,TRY3,4.52
10/20/2022,TRY3,4.66
10/19/2022,TRY3,4.56
10/18/2022,TRY3,4.43
10/17/2022,TRY3,4.45
10/14/2022,TRY3,4.47
10/13/2022,TRY3,4.44
10/12/2022,TRY3,4.29
10/11/2022,TRY3,4.31
10/10/2022,TRY3,.
10/7/2022,TRY3,4.33
10/6/2022,TRY3,4.24
10/5/2022,TRY3,4.17
10/4/2022,TRY3,4.08
10/3/2022,TRY3,4.12
9/30/2022,TRY3,4.25
9/29/2022,TRY3,4.19
9/28/2022,TRY3,4.12
9/27/2022,TRY3,4.39
9/26/2022,TRY3,4.37
9/23/2022,TRY3,4.21
9/22/2022,TRY3,4.12
9/21/2022,TRY3,3.98
9/20/2022,TRY3,3.94
9/19/2022,TRY3,3.9
9/16/2022,TRY3,3.81
9/15/2022,TRY3,3.85
9/14/2022,TRY3,3.79
9/13/2022,TRY3,3.75
9/12/2022,TRY3,3.6
9/9/2022,TRY3,3.61
9/8/2022,TRY3,3.54
9/7/2022,TRY3,3.5
9/6/2022,TRY3,3.55
9/5/2022,TRY3,.
9/2/2022,TRY3,3.44
9/1/2022,TRY3,3.54
8/31/2022,TRY3,3.46
8/30/2022,TRY3,3.47
8/29/2022,TRY3,3.45
8/26/2022,TRY3,3.4
8/25/2022,TRY3,3.37
8/24/2022,TRY3,3.4
8/23/2022,TRY3,3.35
8/22/2022,TRY3,3.36
8/19/2022,TRY3,3.28
8/18/2022,TRY3,3.23
8/17/2022,TRY3,3.27
8/16/2022,TRY3,3.19
8/15/2022,TRY3,3.14
8/12/2022,TRY3,3.18
8/11/2022,TRY3,3.16
8/10/2022,TRY3,3.13
8/9/2022,TRY3,3.2
8/8/2022,TRY3,3.14
8/5/2022,TRY3,3.18
8/4/2022,TRY3,2.95
8/3/2022,TRY3,3.04
8/2/2022,TRY3,3.02
8/1/2022,TRY3,2.82
7/29/2022,TRY3,2.83
7/28/2022,TRY3,2.81
7/27/2022,TRY3,2.93
7/26/2022,TRY3,3.01
7/25/2022,TRY3,2.98
7/22/2022,TRY3,2.93
7/21/2022,TRY3,3.07
7/20/2022,TRY3,3.25
7/19/2022,TRY3,3.22
7/18/2022,TRY3,3.15
7/15/2022,TRY3,3.14
7/14/2022,TRY3,3.16
7/13/2022,TRY3,3.14
7/12/2022,TRY3,3.07
7/11/2022,TRY3,3.09
7/8/2022,TRY3,3.14
7/7/2022,TRY3,3.05
7/6/2022,TRY3,2.99
7/5/2022,TRY3,2.82
7/4/2022,TRY3,.
7/1/2022,TRY3,2.85
6/30/2022,TRY3,2.99
6/29/2022,TRY3,3.13
6/28/2022,TRY3,3.21
6/27/2022,TRY3,3.21
6/24/2022,TRY3,3.13
6/23/2022,TRY3,3.12
6/22/2022,TRY3,3.2
6/21/2022,TRY3,3.35
6/20/2022,TRY3,.
6/17/2022,TRY3,3.35
6/16/2022,TRY3,3.33
6/15/2022,TRY3,3.35
6/14/2022,TRY3,3.6
6/13/2022,TRY3,3.56
6/10/2022,TRY3,3.21
6/9/2022,TRY3,2.99
6/8/2022,TRY3,2.94
6/7/2022,TRY3,2.91
6/6/2022,TRY3,2.94
6/3/2022,TRY3,2.87
6/2/2022,TRY3,2.83
6/1/2022,TRY3,2.84
5/31/2022,TRY3,2.71
5/30/2022,TRY3,.
5/27/2022,TRY3,2.64
5/26/2022,TRY3,2.63
5/25/2022,TRY3,2.63
5/24/2022,TRY3,2.66
5/23/2022,TRY3,2.8
5/20/2022,TRY3,2.73
5/19/2022,TRY3,2.78
5/18/2022,TRY3,2.84
5/17/2022,TRY3,2.89
5/16/2022,TRY3,2.75
5/13/2022,TRY3,2.79
5/12/2022,TRY3,2.73
5/11/2022,TRY3,2.81
5/10/2022,TRY3,2.81
5/9/2022,TRY3,2.81
5/6/2022,TRY3,2.94
5/5/2022,TRY3,2.91
5/4/2022,TRY3,2.85
5/3/2022,TRY3,2.95
5/2/2022,TRY3,2.93
4/29/2022,TRY3,2.87
4/28/2022,TRY3,2.8
4/27/2022,TRY3,2.75
4/26/2022,TRY3,2.72
4/25/2022,TRY3,2.79
4/22/2022,TRY3,2.88
4/21/2022,TRY3,2.87
4/20/2022,TRY3,2.79
4/19/2022,TRY3,2.81
4/18/2022,TRY3,2.68
4/15/2022,TRY3,.
4/14/2022,TRY3,2.67
4/13/2022,TRY3,2.57
4/12/2022,TRY3,2.58
4/11/2022,TRY3,2.73
4/8/2022,TRY3,2.73
4/7/2022,TRY3,2.66
4/6/2022,TRY3,2.67
4/5/2022,TRY3,2.69
4/4/2022,TRY3,2.61
4/1/2022,TRY3,2.61
3/31/2022,TRY3,2.45
3/30/2022,TRY3,2.49
3/29/2022,TRY3,2.54
3/28/2022,TRY3,2.55
3/25/2022,TRY3,2.51
3/24/2022,TRY3,2.35
3/23/2022,TRY3,2.32
3/22/2022,TRY3,2.38
3/21/2022,TRY3,2.34
3/18/2022,TRY3,2.15
3/17/2022,TRY3,2.14
3/16/2022,TRY3,2.14
3/15/2022,TRY3,2.04
3/14/2022,TRY3,2.04
3/11/2022,TRY3,1.91
3/10/2022,TRY3,1.88
3/9/2022,TRY3,1.83
3/8/2022,TRY3,1.78
3/7/2022,TRY3,1.68
3/4/2022,TRY3,1.62
3/3/2022,TRY3,1.69
3/2/2022,TRY3,1.67
3/1/2022,TRY3,1.47
2/28/2022,TRY3,1.62
2/25/2022,TRY3,1.76
2/24/2022,TRY3,1.73
2/23/2022,TRY3,1.78
2/22/2022,TRY3,1.74
2/21/2022,TRY3,.
2/18/2022,TRY3,1.68
2/17/2022,TRY3,1.7
2/16/2022,TRY3,1.75
2/15/2022,TRY3,1.8
2/14/2022,TRY3,1.8
2/11/2022,TRY3,1.71
2/10/2022,TRY3,1.82
2/9/2022,TRY3,1.61
2/8/2022,TRY3,1.59
2/7/2022,TRY3,1.54
2/4/2022,TRY3,1.55
2/3/2022,TRY3,1.42
2/2/2022,TRY3,1.38
2/1/2022,TRY3,1.39
1/31/2022,TRY3,1.39
1/28/2022,TRY3,1.38
1/27/2022,TRY3,1.43
1/26/2022,TRY3,1.39
1/25/2022,TRY3,1.28
1/24/2022,TRY3,1.25
1/21/2022,TRY3,1.28
1/20/2022,TRY3,1.34
1/19/2022,TRY3,1.33
1/18/2022,TRY3,1.35
1/17/2022,TRY3,.
1/14/2022,TRY3,1.26
1/13/2022,TRY3,1.18
1/12/2022,TRY3,1.21
1/11/2022,TRY3,1.22
1/10/2022,TRY3,1.21
1/7/2022,TRY3,1.17
1/6/2022,TRY3,1.15
1/5/2022,TRY3,1.1
1/4/2022,TRY3,1.02
1/3/2022,TRY3,1.04
2/12/2024,TRY5,4.13
2/9/2024,TRY5,4.14
2/8/2024,TRY5,4.12
2/7/2024,TRY5,4.06
2/6/2024,TRY5,4.03
2/5/2024,TRY5,4.13
2/2/2024,TRY5,3.99
2/1/2024,TRY5,3.8
1/31/2024,TRY5,3.91
1/30/2024,TRY5,4
1/29/2024,TRY5,3.97
1/26/2024,TRY5,4.04
1/25/2024,TRY5,4.01
1/24/2024,TRY5,4.06
1/23/2024,TRY5,4.06
1/22/2024,TRY5,4.03
1/19/2024,TRY5,4.08
1/18/2024,TRY5,4.04
1/17/2024,TRY5,4.02
1/16/2024,TRY5,3.95
1/15/2024,TRY5,.
1/12/2024,TRY5,3.84
1/11/2024,TRY5,3.9
1/10/2024,TRY5,3.99
1/9/2024,TRY5,3.97
1/8/2024,TRY5,3.97
1/5/2024,TRY5,4.02
1/4/2024,TRY5,3.97
1/3/2024,TRY5,3.9
1/2/2024,TRY5,3.93
1/1/2024,TRY5,.
12/29/2023,TRY5,3.84
12/28/2023,TRY5,3.83
12/27/2023,TRY5,3.78
12/26/2023,TRY5,3.89
12/25/2023,TRY5,.
12/22/2023,TRY5,3.87
12/21/2023,TRY5,3.87
12/20/2023,TRY5,3.86
12/19/2023,TRY5,3.94
12/18/2023,TRY5,3.94
12/15/2023,TRY5,3.91
12/14/2023,TRY5,3.9
12/13/2023,TRY5,4
12/12/2023,TRY5,4.23
12/11/2023,TRY5,4.25
12/8/2023,TRY5,4.24
12/7/2023,TRY5,4.11
12/6/2023,TRY5,4.12
12/5/2023,TRY5,4.14
12/4/2023,TRY5,4.23
12/1/2023,TRY5,4.14
11/30/2023,TRY5,4.31
11/29/2023,TRY5,4.22
11/28/2023,TRY5,4.29
11/27/2023,TRY5,4.38
11/24/2023,TRY5,4.49
11/23/2023,TRY5,.
11/22/2023,TRY5,4.44
11/21/2023,TRY5,4.41
11/20/2023,TRY5,4.44
11/17/2023,TRY5,4.45
11/16/2023,TRY5,4.43
11/15/2023,TRY5,4.52
11/14/2023,TRY5,4.42
11/13/2023,TRY5,4.66
11/10/2023,TRY5,4.65
11/9/2023,TRY5,4.65
11/8/2023,TRY5,4.51
11/7/2023,TRY5,4.53
11/6/2023,TRY5,4.6
11/3/2023,TRY5,4.49
11/2/2023,TRY5,4.65
11/1/2023,TRY5,4.67
10/31/2023,TRY5,4.82
10/30/2023,TRY5,4.8
10/27/2023,TRY5,4.76
10/26/2023,TRY5,4.79
10/25/2023,TRY5,4.89
10/24/2023,TRY5,4.82
10/23/2023,TRY5,4.81
10/20/2023,TRY5,4.86
10/19/2023,TRY5,4.95
10/18/2023,TRY5,4.92
10/17/2023,TRY5,4.86
10/16/2023,TRY5,4.72
10/13/2023,TRY5,4.65
10/12/2023,TRY5,4.69
10/11/2023,TRY5,4.59
10/10/2023,TRY5,4.62
10/9/2023,TRY5,.
10/6/2023,TRY5,4.75
10/5/2023,TRY5,4.68
10/4/2023,TRY5,4.72
10/3/2023,TRY5,4.8
10/2/2023,TRY5,4.72
9/29/2023,TRY5,4.6
9/28/2023,TRY5,4.62
9/27/2023,TRY5,4.67
9/26/2023,TRY5,4.62
9/25/2023,TRY5,4.62
9/22/2023,TRY5,4.57
9/21/2023,TRY5,4.61
9/20/2023,TRY5,4.52
9/19/2023,TRY5,4.51
9/18/2023,TRY5,4.46
9/15/2023,TRY5,4.45
9/14/2023,TRY5,4.42
9/13/2023,TRY5,4.39
9/12/2023,TRY5,4.41
9/11/2023,TRY5,4.4
9/8/2023,TRY5,4.39
9/7/2023,TRY5,4.38
9/6/2023,TRY5,4.44
9/5/2023,TRY5,4.37
9/4/2023,TRY5,.
9/1/2023,TRY5,4.29
8/31/2023,TRY5,4.23
8/30/2023,TRY5,4.27
8/29/2023,TRY5,4.26
8/28/2023,TRY5,4.38
8/25/2023,TRY5,4.44
8/24/2023,TRY5,4.39
8/23/2023,TRY5,4.36
8/22/2023,TRY5,4.49
8/21/2023,TRY5,4.46
8/18/2023,TRY5,4.38
8/17/2023,TRY5,4.42
8/16/2023,TRY5,4.42
8/15/2023,TRY5,4.36
8/14/2023,TRY5,4.36
8/11/2023,TRY5,4.31
8/10/2023,TRY5,4.21
8/9/2023,TRY5,4.12
8/8/2023,TRY5,4.1
8/7/2023,TRY5,4.16
8/4/2023,TRY5,4.15
8/3/2023,TRY5,4.3
8/2/2023,TRY5,4.24
8/1/2023,TRY5,4.24
7/31/2023,TRY5,4.18
7/28/2023,TRY5,4.18
7/27/2023,TRY5,4.24
7/26/2023,TRY5,4.09
7/25/2023,TRY5,4.15
7/24/2023,TRY5,4.13
7/21/2023,TRY5,4.09
7/20/2023,TRY5,4.08
7/19/2023,TRY5,3.98
7/18/2023,TRY5,4
7/17/2023,TRY5,4.02
7/14/2023,TRY5,4.04
7/13/2023,TRY5,3.93
7/12/2023,TRY5,4.07
7/11/2023,TRY5,4.24
7/10/2023,TRY5,4.25
7/7/2023,TRY5,4.35
7/6/2023,TRY5,4.37
7/5/2023,TRY5,4.25
7/4/2023,TRY5,.
7/3/2023,TRY5,4.19
6/30/2023,TRY5,4.13
6/29/2023,TRY5,4.14
6/28/2023,TRY5,3.97
6/27/2023,TRY5,4.02
6/26/2023,TRY5,3.96
6/23/2023,TRY5,3.99
6/22/2023,TRY5,4.03
6/21/2023,TRY5,3.95
6/20/2023,TRY5,3.96
6/19/2023,TRY5,.
6/16/2023,TRY5,3.99
6/15/2023,TRY5,3.91
6/14/2023,TRY5,4.06
6/13/2023,TRY5,4.01
6/12/2023,TRY5,3.89
6/9/2023,TRY5,3.92
6/8/2023,TRY5,3.87
6/7/2023,TRY5,3.93
6/6/2023,TRY5,3.85
6/5/2023,TRY5,3.82
6/2/2023,TRY5,3.84
6/1/2023,TRY5,3.7
5/31/2023,TRY5,3.74
5/30/2023,TRY5,3.81
5/29/2023,TRY5,.
5/26/2023,TRY5,3.92
5/25/2023,TRY5,3.9
5/24/2023,TRY5,3.75
5/23/2023,TRY5,3.76
5/22/2023,TRY5,3.77
5/19/2023,TRY5,3.76
5/18/2023,TRY5,3.69
5/17/2023,TRY5,3.58
5/16/2023,TRY5,3.52
5/15/2023,TRY5,3.46
5/12/2023,TRY5,3.45
5/11/2023,TRY5,3.36
5/10/2023,TRY5,3.37
5/9/2023,TRY5,3.51
5/8/2023,TRY5,3.49
5/5/2023,TRY5,3.41
5/4/2023,TRY5,3.29
5/3/2023,TRY5,3.37
5/2/2023,TRY5,3.46
5/1/2023,TRY5,3.64
4/28/2023,TRY5,3.51
4/27/2023,TRY5,3.6
4/26/2023,TRY5,3.46
4/25/2023,TRY5,3.43
4/24/2023,TRY5,3.6
4/21/2023,TRY5,3.66
4/20/2023,TRY5,3.63
4/19/2023,TRY5,3.71
4/18/2023,TRY5,3.69
4/17/2023,TRY5,3.69
4/14/2023,TRY5,3.6
4/13/2023,TRY5,3.51
4/12/2023,TRY5,3.46
4/11/2023,TRY5,3.54
4/10/2023,TRY5,3.52
4/7/2023,TRY5,3.49
4/6/2023,TRY5,3.37
4/5/2023,TRY5,3.36
4/4/2023,TRY5,3.39
4/3/2023,TRY5,3.52
3/31/2023,TRY5,3.6
3/30/2023,TRY5,3.66
3/29/2023,TRY5,3.67
3/28/2023,TRY5,3.63
3/27/2023,TRY5,3.59
3/24/2023,TRY5,3.41
3/23/2023,TRY5,3.39
3/22/2023,TRY5,3.54
3/21/2023,TRY5,3.73
3/20/2023,TRY5,3.56
3/17/2023,TRY5,3.44
3/16/2023,TRY5,3.72
3/15/2023,TRY5,3.59
3/14/2023,TRY5,3.78
3/13/2023,TRY5,3.68
3/10/2023,TRY5,3.96
3/9/2023,TRY5,4.22
3/8/2023,TRY5,4.34
3/7/2023,TRY5,4.31
3/6/2023,TRY5,4.27
3/3/2023,TRY5,4.26
3/2/2023,TRY5,4.32
3/1/2023,TRY5,4.27
2/28/2023,TRY5,4.18
2/27/2023,TRY5,4.17
2/24/2023,TRY5,4.19
2/23/2023,TRY5,4.09
2/22/2023,TRY5,4.13
2/21/2023,TRY5,4.16
2/20/2023,TRY5,.
2/17/2023,TRY5,4.03
2/16/2023,TRY5,4.06
2/15/2023,TRY5,4.04
2/14/2023,TRY5,4
2/13/2023,TRY5,3.93
2/10/2023,TRY5,3.93
2/9/2023,TRY5,3.87
2/8/2023,TRY5,3.82
2/7/2023,TRY5,3.85
2/6/2023,TRY5,3.81
2/3/2023,TRY5,3.67
2/2/2023,TRY5,3.49
2/1/2023,TRY5,3.48
1/31/2023,TRY5,3.63
1/30/2023,TRY5,3.68
1/27/2023,TRY5,3.62
1/26/2023,TRY5,3.58
1/25/2023,TRY5,3.54
1/24/2023,TRY5,3.58
1/23/2023,TRY5,3.61
1/20/2023,TRY5,3.56
1/19/2023,TRY5,3.48
1/18/2023,TRY5,3.43
1/17/2023,TRY5,3.6
1/16/2023,TRY5,.
1/13/2023,TRY5,3.6
1/12/2023,TRY5,3.53
1/11/2023,TRY5,3.66
1/10/2023,TRY5,3.72
1/9/2023,TRY5,3.66
1/6/2023,TRY5,3.69
1/5/2023,TRY5,3.9
1/4/2023,TRY5,3.85
1/3/2023,TRY5,3.94
1/2/2023,TRY5,.
12/30/2022,TRY5,3.99
12/29/2022,TRY5,3.94
12/28/2022,TRY5,3.97
12/27/2022,TRY5,3.94
12/26/2022,TRY5,.
12/23/2022,TRY5,3.86
12/22/2022,TRY5,3.79
12/21/2022,TRY5,3.78
12/20/2022,TRY5,3.79
12/19/2022,TRY5,3.7
12/16/2022,TRY5,3.61
12/15/2022,TRY5,3.62
12/14/2022,TRY5,3.64
12/13/2022,TRY5,3.66
12/12/2022,TRY5,3.8
12/9/2022,TRY5,3.75
12/8/2022,TRY5,3.71
12/7/2022,TRY5,3.62
12/6/2022,TRY5,3.73
12/5/2022,TRY5,3.8
12/2/2022,TRY5,3.67
12/1/2022,TRY5,3.68
11/30/2022,TRY5,3.82
11/29/2022,TRY5,3.92
11/28/2022,TRY5,3.88
11/25/2022,TRY5,3.85
11/24/2022,TRY5,.
11/23/2022,TRY5,3.88
11/22/2022,TRY5,3.93
11/21/2022,TRY5,3.97
11/18/2022,TRY5,3.99
11/17/2022,TRY5,3.93
11/16/2022,TRY5,3.83
11/15/2022,TRY5,3.93
11/14/2022,TRY5,4
11/11/2022,TRY5,.
11/10/2022,TRY5,3.95
11/9/2022,TRY5,4.27
11/8/2022,TRY5,4.31
11/7/2022,TRY5,4.39
11/4/2022,TRY5,4.33
11/3/2022,TRY5,4.36
11/2/2022,TRY5,4.3
11/1/2022,TRY5,4.27
10/31/2022,TRY5,4.27
10/28/2022,TRY5,4.19
10/27/2022,TRY5,4.09
10/26/2022,TRY5,4.2
10/25/2022,TRY5,4.25
10/24/2022,TRY5,4.36
10/21/2022,TRY5,4.34
10/20/2022,TRY5,4.45
10/19/2022,TRY5,4.35
10/18/2022,TRY5,4.21
10/17/2022,TRY5,4.24
10/14/2022,TRY5,4.25
10/13/2022,TRY5,4.21
10/12/2022,TRY5,4.12
10/11/2022,TRY5,4.14
10/10/2022,TRY5,.
10/7/2022,TRY5,4.14
10/6/2022,TRY5,4.05
10/5/2022,TRY5,3.96
10/4/2022,TRY5,3.84
10/3/2022,TRY5,3.9
9/30/2022,TRY5,4.06
9/29/2022,TRY5,3.98
9/28/2022,TRY5,3.92
9/27/2022,TRY5,4.21
9/26/2022,TRY5,4.15
9/23/2022,TRY5,3.96
9/22/2022,TRY5,3.91
9/21/2022,TRY5,3.74
9/20/2022,TRY5,3.75
9/19/2022,TRY5,3.69
9/16/2022,TRY5,3.62
9/15/2022,TRY5,3.66
9/14/2022,TRY5,3.6
9/13/2022,TRY5,3.58
9/12/2022,TRY5,3.47
9/9/2022,TRY5,3.45
9/8/2022,TRY5,3.39
9/7/2022,TRY5,3.37
9/6/2022,TRY5,3.43
9/5/2022,TRY5,.
9/2/2022,TRY5,3.3
9/1/2022,TRY5,3.39
8/31/2022,TRY5,3.3
8/30/2022,TRY5,3.27
8/29/2022,TRY5,3.27
8/26/2022,TRY5,3.2
8/25/2022,TRY5,3.15
8/24/2022,TRY5,3.2
8/23/2022,TRY5,3.18
8/22/2022,TRY5,3.17
8/19/2022,TRY5,3.11
8/18/2022,TRY5,3.02
8/17/2022,TRY5,3.04
8/16/2022,TRY5,2.95
8/15/2022,TRY5,2.91
8/12/2022,TRY5,2.97
8/11/2022,TRY5,2.98
8/10/2022,TRY5,2.93
8/9/2022,TRY5,2.97
8/8/2022,TRY5,2.91
8/5/2022,TRY5,2.97
8/4/2022,TRY5,2.76
8/3/2022,TRY5,2.86
8/2/2022,TRY5,2.85
8/1/2022,TRY5,2.66
7/29/2022,TRY5,2.7
7/28/2022,TRY5,2.69
7/27/2022,TRY5,2.82
7/26/2022,TRY5,2.89
7/25/2022,TRY5,2.89
7/22/2022,TRY5,2.87
7/21/2022,TRY5,3
7/20/2022,TRY5,3.18
7/19/2022,TRY5,3.14
7/18/2022,TRY5,3.06
7/15/2022,TRY5,3.05
7/14/2022,TRY5,3.06
7/13/2022,TRY5,3.02
7/12/2022,TRY5,3.01
7/11/2022,TRY5,3.05
7/8/2022,TRY5,3.13
7/7/2022,TRY5,3.05
7/6/2022,TRY5,2.96
7/5/2022,TRY5,2.82
7/4/2022,TRY5,.
7/1/2022,TRY5,2.88
6/30/2022,TRY5,3.01
6/29/2022,TRY5,3.15
6/28/2022,TRY5,3.25
6/27/2022,TRY5,3.24
6/24/2022,TRY5,3.18
6/23/2022,TRY5,3.14
6/22/2022,TRY5,3.22
6/21/2022,TRY5,3.38
6/20/2022,TRY5,.
6/17/2022,TRY5,3.34
6/16/2022,TRY5,3.35
6/15/2022,TRY5,3.38
6/14/2022,TRY5,3.61
6/13/2022,TRY5,3.56
6/10/2022,TRY5,3.25
6/9/2022,TRY5,3.07
6/8/2022,TRY5,3.03
6/7/2022,TRY5,2.99
6/6/2022,TRY5,3.03
6/3/2022,TRY5,2.95
6/2/2022,TRY5,2.92
6/1/2022,TRY5,2.94
5/31/2022,TRY5,2.81
5/30/2022,TRY5,.
5/27/2022,TRY5,2.71
5/26/2022,TRY5,2.7
5/25/2022,TRY5,2.71
5/24/2022,TRY5,2.76
5/23/2022,TRY5,2.88
5/20/2022,TRY5,2.8
5/19/2022,TRY5,2.84
5/18/2022,TRY5,2.89
5/17/2022,TRY5,2.96
5/16/2022,TRY5,2.83
5/13/2022,TRY5,2.89
5/12/2022,TRY5,2.81
5/11/2022,TRY5,2.89
5/10/2022,TRY5,2.91
5/9/2022,TRY5,2.95
5/6/2022,TRY5,3.06
5/5/2022,TRY5,3.01
5/4/2022,TRY5,2.93
5/3/2022,TRY5,3.01
5/2/2022,TRY5,3.01
4/29/2022,TRY5,2.92
4/28/2022,TRY5,2.86
4/27/2022,TRY5,2.81
4/26/2022,TRY5,2.79
4/25/2022,TRY5,2.84
4/22/2022,TRY5,2.94
4/21/2022,TRY5,2.96
4/20/2022,TRY5,2.87
4/19/2022,TRY5,2.91
4/18/2022,TRY5,2.79
4/15/2022,TRY5,.
4/14/2022,TRY5,2.79
4/13/2022,TRY5,2.66
4/12/2022,TRY5,2.66
4/11/2022,TRY5,2.79
4/8/2022,TRY5,2.76
4/7/2022,TRY5,2.7
4/6/2022,TRY5,2.7
4/5/2022,TRY5,2.69
4/4/2022,TRY5,2.56
4/1/2022,TRY5,2.55
3/31/2022,TRY5,2.42
3/30/2022,TRY5,2.44
3/29/2022,TRY5,2.49
3/28/2022,TRY5,2.54
3/25/2022,TRY5,2.55
3/24/2022,TRY5,2.37
3/23/2022,TRY5,2.34
3/22/2022,TRY5,2.39
3/21/2022,TRY5,2.33
3/18/2022,TRY5,2.14
3/17/2022,TRY5,2.17
3/16/2022,TRY5,2.18
3/15/2022,TRY5,2.1
3/14/2022,TRY5,2.1
3/11/2022,TRY5,1.96
3/10/2022,TRY5,1.92
3/9/2022,TRY5,1.87
3/8/2022,TRY5,1.8
3/7/2022,TRY5,1.71
3/4/2022,TRY5,1.65
3/3/2022,TRY5,1.74
3/2/2022,TRY5,1.74
3/1/2022,TRY5,1.56
2/28/2022,TRY5,1.71
2/25/2022,TRY5,1.86
2/24/2022,TRY5,1.84
2/23/2022,TRY5,1.89
2/22/2022,TRY5,1.85
2/21/2022,TRY5,.
2/18/2022,TRY5,1.82
2/17/2022,TRY5,1.85
2/16/2022,TRY5,1.9
2/15/2022,TRY5,1.94
2/14/2022,TRY5,1.9
2/11/2022,TRY5,1.84
2/10/2022,TRY5,1.96
2/9/2022,TRY5,1.82
2/8/2022,TRY5,1.81
2/7/2022,TRY5,1.76
2/4/2022,TRY5,1.78
2/3/2022,TRY5,1.66
2/2/2022,TRY5,1.6
2/1/2022,TRY5,1.63
1/31/2022,TRY5,1.62
1/28/2022,TRY5,1.61
1/27/2022,TRY5,1.66
1/26/2022,TRY5,1.66
1/25/2022,TRY5,1.56
1/24/2022,TRY5,1.53
1/21/2022,TRY5,1.54
1/20/2022,TRY5,1.62
1/19/2022,TRY5,1.62
1/18/2022,TRY5,1.65
1/17/2022,TRY5,.
1/14/2022,TRY5,1.55
1/13/2022,TRY5,1.47
1/12/2022,TRY5,1.5
1/11/2022,TRY5,1.51
1/10/2022,TRY5,1.53
1/7/2022,TRY5,1.5
1/6/2022,TRY5,1.47
1/5/2022,TRY5,1.43
1/4/2022,TRY5,1.37
1/3/2022,TRY5,1.37
2/12/2024,TRY10,4.17
2/9/2024,TRY10,4.17
2/8/2024,TRY10,4.15
2/7/2024,TRY10,4.09
2/6/2024,TRY10,4.09
2/5/2024,TRY10,4.17
2/2/2024,TRY10,4.03
2/1/2024,TRY10,3.87
1/31/2024,TRY10,3.99
1/30/2024,TRY10,4.06
1/29/2024,TRY10,4.08
1/26/2024,TRY10,4.15
1/25/2024,TRY10,4.14
1/24/2024,TRY10,4.18
1/23/2024,TRY10,4.14
1/22/2024,TRY10,4.11
1/19/2024,TRY10,4.15
1/18/2024,TRY10,4.14
1/17/2024,TRY10,4.1
1/16/2024,TRY10,4.07
1/15/2024,TRY10,.
1/12/2024,TRY10,3.96
1/11/2024,TRY10,3.98
1/10/2024,TRY10,4.04
1/9/2024,TRY10,4.02
1/8/2024,TRY10,4.01
1/5/2024,TRY10,4.05
1/4/2024,TRY10,3.99
1/3/2024,TRY10,3.91
1/2/2024,TRY10,3.95
1/1/2024,TRY10,.
12/29/2023,TRY10,3.88
12/28/2023,TRY10,3.84
12/27/2023,TRY10,3.79
12/26/2023,TRY10,3.89
12/25/2023,TRY10,.
12/22/2023,TRY10,3.9
12/21/2023,TRY10,3.89
12/20/2023,TRY10,3.86
12/19/2023,TRY10,3.93
12/18/2023,TRY10,3.95
12/15/2023,TRY10,3.91
12/14/2023,TRY10,3.92
12/13/2023,TRY10,4.04
12/12/2023,TRY10,4.2
12/11/2023,TRY10,4.23
12/8/2023,TRY10,4.23
12/7/2023,TRY10,4.14
12/6/2023,TRY10,4.12
12/5/2023,TRY10,4.18
12/4/2023,TRY10,4.28
12/1/2023,TRY10,4.22
11/30/2023,TRY10,4.37
11/29/2023,TRY10,4.27
11/28/2023,TRY10,4.34
11/27/2023,TRY10,4.39
11/24/2023,TRY10,4.47
11/23/2023,TRY10,.
11/22/2023,TRY10,4.42
11/21/2023,TRY10,4.41
11/20/2023,TRY10,4.42
11/17/2023,TRY10,4.44
11/16/2023,TRY10,4.45
11/15/2023,TRY10,4.53
11/14/2023,TRY10,4.44
11/13/2023,TRY10,4.63
11/10/2023,TRY10,4.61
11/9/2023,TRY10,4.62
11/8/2023,TRY10,4.49
11/7/2023,TRY10,4.58
11/6/2023,TRY10,4.67
11/3/2023,TRY10,4.57
11/2/2023,TRY10,4.67
11/1/2023,TRY10,4.77
10/31/2023,TRY10,4.88
10/30/2023,TRY10,4.88
10/27/2023,TRY10,4.84
10/26/2023,TRY10,4.86
10/25/2023,TRY10,4.95
10/24/2023,TRY10,4.83
10/23/2023,TRY10,4.86
10/20/2023,TRY10,4.93
10/19/2023,TRY10,4.98
10/18/2023,TRY10,4.91
10/17/2023,TRY10,4.83
10/16/2023,TRY10,4.71
10/13/2023,TRY10,4.63
10/12/2023,TRY10,4.7
10/11/2023,TRY10,4.58
10/10/2023,TRY10,4.66
10/9/2023,TRY10,.
10/6/2023,TRY10,4.78
10/5/2023,TRY10,4.72
10/4/2023,TRY10,4.73
10/3/2023,TRY10,4.81
10/2/2023,TRY10,4.69
9/29/2023,TRY10,4.59
9/28/2023,TRY10,4.59
9/27/2023,TRY10,4.61
9/26/2023,TRY10,4.56
9/25/2023,TRY10,4.55
9/22/2023,TRY10,4.44
9/21/2023,TRY10,4.49
9/20/2023,TRY10,4.35
9/19/2023,TRY10,4.37
9/18/2023,TRY10,4.32
9/15/2023,TRY10,4.33
9/14/2023,TRY10,4.29
9/13/2023,TRY10,4.25
9/12/2023,TRY10,4.27
9/11/2023,TRY10,4.29
9/8/2023,TRY10,4.26
9/7/2023,TRY10,4.27
9/6/2023,TRY10,4.3
9/5/2023,TRY10,4.27
9/4/2023,TRY10,.
9/1/2023,TRY10,4.18
8/31/2023,TRY10,4.09
8/30/2023,TRY10,4.12
8/29/2023,TRY10,4.12
8/28/2023,TRY10,4.2
8/25/2023,TRY10,4.25
8/24/2023,TRY10,4.23
8/23/2023,TRY10,4.19
8/22/2023,TRY10,4.34
8/21/2023,TRY10,4.34
8/18/2023,TRY10,4.26
8/17/2023,TRY10,4.3
8/16/2023,TRY10,4.28
8/15/2023,TRY10,4.21
8/14/2023,TRY10,4.19
8/11/2023,TRY10,4.16
8/10/2023,TRY10,4.09
8/9/2023,TRY10,4
8/8/2023,TRY10,4.02
8/7/2023,TRY10,4.09
8/4/2023,TRY10,4.05
8/3/2023,TRY10,4.2
8/2/2023,TRY10,4.08
8/1/2023,TRY10,4.05
7/31/2023,TRY10,3.97
7/28/2023,TRY10,3.96
7/27/2023,TRY10,4.01
7/26/2023,TRY10,3.86
7/25/2023,TRY10,3.91
7/24/2023,TRY10,3.86
7/21/2023,TRY10,3.84
7/20/2023,TRY10,3.85
7/19/2023,TRY10,3.75
7/18/2023,TRY10,3.8
7/17/2023,TRY10,3.81
7/14/2023,TRY10,3.83
7/13/2023,TRY10,3.76
7/12/2023,TRY10,3.86
7/11/2023,TRY10,3.99
7/10/2023,TRY10,4.01
7/7/2023,TRY10,4.06
7/6/2023,TRY10,4.05
7/5/2023,TRY10,3.95
7/4/2023,TRY10,.
7/3/2023,TRY10,3.86
6/30/2023,TRY10,3.81
6/29/2023,TRY10,3.85
6/28/2023,TRY10,3.71
6/27/2023,TRY10,3.77
6/26/2023,TRY10,3.72
6/23/2023,TRY10,3.74
6/22/2023,TRY10,3.8
6/21/2023,TRY10,3.72
6/20/2023,TRY10,3.74
6/19/2023,TRY10,.
6/16/2023,TRY10,3.77
6/15/2023,TRY10,3.72
6/14/2023,TRY10,3.83
6/13/2023,TRY10,3.84
6/12/2023,TRY10,3.73
6/9/2023,TRY10,3.75
6/8/2023,TRY10,3.73
6/7/2023,TRY10,3.79
6/6/2023,TRY10,3.7
6/5/2023,TRY10,3.69
6/2/2023,TRY10,3.69
6/1/2023,TRY10,3.61
5/31/2023,TRY10,3.64
5/30/2023,TRY10,3.69
5/29/2023,TRY10,.
5/26/2023,TRY10,3.8
5/25/2023,TRY10,3.83
5/24/2023,TRY10,3.73
5/23/2023,TRY10,3.7
5/22/2023,TRY10,3.72
5/19/2023,TRY10,3.7
5/18/2023,TRY10,3.65
5/17/2023,TRY10,3.57
5/16/2023,TRY10,3.54
5/15/2023,TRY10,3.5
5/12/2023,TRY10,3.46
5/11/2023,TRY10,3.39
5/10/2023,TRY10,3.43
5/9/2023,TRY10,3.53
5/8/2023,TRY10,3.52
5/5/2023,TRY10,3.44
5/4/2023,TRY10,3.37
5/3/2023,TRY10,3.38
5/2/2023,TRY10,3.44
5/1/2023,TRY10,3.59
4/28/2023,TRY10,3.44
4/27/2023,TRY10,3.53
4/26/2023,TRY10,3.43
4/25/2023,TRY10,3.4
4/24/2023,TRY10,3.52
4/21/2023,TRY10,3.57
4/20/2023,TRY10,3.54
4/19/2023,TRY10,3.6
4/18/2023,TRY10,3.58
4/17/2023,TRY10,3.6
4/14/2023,TRY10,3.52
4/13/2023,TRY10,3.45
4/12/2023,TRY10,3.41
4/11/2023,TRY10,3.43
4/10/2023,TRY10,3.41
4/7/2023,TRY10,3.39
4/6/2023,TRY10,3.3
4/5/2023,TRY10,3.3
4/4/2023,TRY10,3.35
4/3/2023,TRY10,3.43
3/31/2023,TRY10,3.48
3/30/2023,TRY10,3.55
3/29/2023,TRY10,3.57
3/28/2023,TRY10,3.55
3/27/2023,TRY10,3.53
3/24/2023,TRY10,3.38
3/23/2023,TRY10,3.38
3/22/2023,TRY10,3.48
3/21/2023,TRY10,3.59
3/20/2023,TRY10,3.47
3/17/2023,TRY10,3.39
3/16/2023,TRY10,3.56
3/15/2023,TRY10,3.51
3/14/2023,TRY10,3.64
3/13/2023,TRY10,3.55
3/10/2023,TRY10,3.7
3/9/2023,TRY10,3.93
3/8/2023,TRY10,3.98
3/7/2023,TRY10,3.97
3/6/2023,TRY10,3.98
3/3/2023,TRY10,3.97
3/2/2023,TRY10,4.08
3/1/2023,TRY10,4.01
2/28/2023,TRY10,3.92
2/27/2023,TRY10,3.92
2/24/2023,TRY10,3.95
2/23/2023,TRY10,3.88
2/22/2023,TRY10,3.93
2/21/2023,TRY10,3.95
2/20/2023,TRY10,.
2/17/2023,TRY10,3.82
2/16/2023,TRY10,3.86
2/15/2023,TRY10,3.81
2/14/2023,TRY10,3.77
2/13/2023,TRY10,3.72
2/10/2023,TRY10,3.74
2/9/2023,TRY10,3.67
2/8/2023,TRY10,3.63
2/7/2023,TRY10,3.67
2/6/2023,TRY10,3.63
2/3/2023,TRY10,3.53
2/2/2023,TRY10,3.4
2/1/2023,TRY10,3.39
1/31/2023,TRY10,3.52
1/30/2023,TRY10,3.55
1/27/2023,TRY10,3.52
1/26/2023,TRY10,3.49
1/25/2023,TRY10,3.46
1/24/2023,TRY10,3.46
1/23/2023,TRY10,3.52
1/20/2023,TRY10,3.48
1/19/2023,TRY10,3.39
1/18/2023,TRY10,3.37
1/17/2023,TRY10,3.53
1/16/2023,TRY10,.
1/13/2023,TRY10,3.49
1/12/2023,TRY10,3.43
1/11/2023,TRY10,3.54
1/10/2023,TRY10,3.61
1/9/2023,TRY10,3.53
1/6/2023,TRY10,3.55
1/5/2023,TRY10,3.71
1/4/2023,TRY10,3.69
1/3/2023,TRY10,3.79
1/2/2023,TRY10,.
12/30/2022,TRY10,3.88
12/29/2022,TRY10,3.83
12/28/2022,TRY10,3.88
12/27/2022,TRY10,3.84
12/26/2022,TRY10,.
12/23/2022,TRY10,3.75
12/22/2022,TRY10,3.67
12/21/2022,TRY10,3.68
12/20/2022,TRY10,3.69
12/19/2022,TRY10,3.57
12/16/2022,TRY10,3.48
12/15/2022,TRY10,3.44
12/14/2022,TRY10,3.49
12/13/2022,TRY10,3.51
12/12/2022,TRY10,3.61
12/9/2022,TRY10,3.57
12/8/2022,TRY10,3.48
12/7/2022,TRY10,3.42
12/6/2022,TRY10,3.51
12/5/2022,TRY10,3.6
12/2/2022,TRY10,3.51
12/1/2022,TRY10,3.53
11/30/2022,TRY10,3.68
11/29/2022,TRY10,3.75
11/28/2022,TRY10,3.69
11/25/2022,TRY10,3.68
11/24/2022,TRY10,.
11/23/2022,TRY10,3.71
11/22/2022,TRY10,3.76
11/21/2022,TRY10,3.83
11/18/2022,TRY10,3.82
11/17/2022,TRY10,3.77
11/16/2022,TRY10,3.67
11/15/2022,TRY10,3.8
11/14/2022,TRY10,3.88
11/11/2022,TRY10,.
11/10/2022,TRY10,3.82
11/9/2022,TRY10,4.12
11/8/2022,TRY10,4.14
11/7/2022,TRY10,4.22
11/4/2022,TRY10,4.17
11/3/2022,TRY10,4.14
11/2/2022,TRY10,4.1
11/1/2022,TRY10,4.07
10/31/2022,TRY10,4.1
10/28/2022,TRY10,4.02
10/27/2022,TRY10,3.96
10/26/2022,TRY10,4.04
10/25/2022,TRY10,4.1
10/24/2022,TRY10,4.25
10/21/2022,TRY10,4.21
10/20/2022,TRY10,4.24
10/19/2022,TRY10,4.14
10/18/2022,TRY10,4.01
10/17/2022,TRY10,4.02
10/14/2022,TRY10,4
10/13/2022,TRY10,3.97
10/12/2022,TRY10,3.91
10/11/2022,TRY10,3.93
10/10/2022,TRY10,.
10/7/2022,TRY10,3.89
10/6/2022,TRY10,3.83
10/5/2022,TRY10,3.76
10/4/2022,TRY10,3.62
10/3/2022,TRY10,3.67
9/30/2022,TRY10,3.83
9/29/2022,TRY10,3.76
9/28/2022,TRY10,3.72
9/27/2022,TRY10,3.97
9/26/2022,TRY10,3.88
9/23/2022,TRY10,3.69
9/22/2022,TRY10,3.7
9/21/2022,TRY10,3.51
9/20/2022,TRY10,3.57
9/19/2022,TRY10,3.49
9/16/2022,TRY10,3.45
9/15/2022,TRY10,3.45
9/14/2022,TRY10,3.41
9/13/2022,TRY10,3.42
9/12/2022,TRY10,3.37
9/9/2022,TRY10,3.33
9/8/2022,TRY10,3.29
9/7/2022,TRY10,3.27
9/6/2022,TRY10,3.33
9/5/2022,TRY10,.
9/2/2022,TRY10,3.2
9/1/2022,TRY10,3.26
8/31/2022,TRY10,3.15
8/30/2022,TRY10,3.11
8/29/2022,TRY10,3.12
8/26/2022,TRY10,3.04
8/25/2022,TRY10,3.03
8/24/2022,TRY10,3.11
8/23/2022,TRY10,3.05
8/22/2022,TRY10,3.03
8/19/2022,TRY10,2.98
8/18/2022,TRY10,2.88
8/17/2022,TRY10,2.89
8/16/2022,TRY10,2.82
8/15/2022,TRY10,2.79
8/12/2022,TRY10,2.84
8/11/2022,TRY10,2.87
8/10/2022,TRY10,2.78
8/9/2022,TRY10,2.8
8/8/2022,TRY10,2.77
8/5/2022,TRY10,2.83
8/4/2022,TRY10,2.68
8/3/2022,TRY10,2.73
8/2/2022,TRY10,2.75
8/1/2022,TRY10,2.6
7/29/2022,TRY10,2.67
7/28/2022,TRY10,2.68
7/27/2022,TRY10,2.78
7/26/2022,TRY10,2.81
7/25/2022,TRY10,2.81
7/22/2022,TRY10,2.77
7/21/2022,TRY10,2.91
7/20/2022,TRY10,3.04
7/19/2022,TRY10,3.01
7/18/2022,TRY10,2.96
7/15/2022,TRY10,2.93
7/14/2022,TRY10,2.96
7/13/2022,TRY10,2.91
7/12/2022,TRY10,2.96
7/11/2022,TRY10,2.99
7/8/2022,TRY10,3.09
7/7/2022,TRY10,3.01
7/6/2022,TRY10,2.93
7/5/2022,TRY10,2.82
7/4/2022,TRY10,.
7/1/2022,TRY10,2.88
6/30/2022,TRY10,2.98
6/29/2022,TRY10,3.1
6/28/2022,TRY10,3.2
6/27/2022,TRY10,3.2
6/24/2022,TRY10,3.13
6/23/2022,TRY10,3.09
6/22/2022,TRY10,3.16
6/21/2022,TRY10,3.31
6/20/2022,TRY10,.
6/17/2022,TRY10,3.25
6/16/2022,TRY10,3.28
6/15/2022,TRY10,3.33
6/14/2022,TRY10,3.49
6/13/2022,TRY10,3.43
6/10/2022,TRY10,3.15
6/9/2022,TRY10,3.04
6/8/2022,TRY10,3.03
6/7/2022,TRY10,2.98
6/6/2022,TRY10,3.04
6/3/2022,TRY10,2.96
6/2/2022,TRY10,2.92
6/1/2022,TRY10,2.94
5/31/2022,TRY10,2.85
5/30/2022,TRY10,.
5/27/2022,TRY10,2.74
5/26/2022,TRY10,2.75
5/25/2022,TRY10,2.75
5/24/2022,TRY10,2.76
5/23/2022,TRY10,2.86
5/20/2022,TRY10,2.78
5/19/2022,TRY10,2.84
5/18/2022,TRY10,2.89
5/17/2022,TRY10,2.98
5/16/2022,TRY10,2.88
5/13/2022,TRY10,2.93
5/12/2022,TRY10,2.84
5/11/2022,TRY10,2.91
5/10/2022,TRY10,2.99
5/9/2022,TRY10,3.05
5/6/2022,TRY10,3.12
5/5/2022,TRY10,3.05
5/4/2022,TRY10,2.93
5/3/2022,TRY10,2.97
5/2/2022,TRY10,2.99
4/29/2022,TRY10,2.89
4/28/2022,TRY10,2.85
4/27/2022,TRY10,2.82
4/26/2022,TRY10,2.77
4/25/2022,TRY10,2.81
4/22/2022,TRY10,2.9
4/21/2022,TRY10,2.9
4/20/2022,TRY10,2.85
4/19/2022,TRY10,2.93
4/18/2022,TRY10,2.85
4/15/2022,TRY10,.
4/14/2022,TRY10,2.83
4/13/2022,TRY10,2.7
4/12/2022,TRY10,2.72
4/11/2022,TRY10,2.79
4/8/2022,TRY10,2.72
4/7/2022,TRY10,2.66
4/6/2022,TRY10,2.61
4/5/2022,TRY10,2.54
4/4/2022,TRY10,2.42
4/1/2022,TRY10,2.39
3/31/2022,TRY10,2.32
3/30/2022,TRY10,2.35
3/29/2022,TRY10,2.41
3/28/2022,TRY10,2.46
3/25/2022,TRY10,2.48
3/24/2022,TRY10,2.34
3/23/2022,TRY10,2.32
3/22/2022,TRY10,2.38
3/21/2022,TRY10,2.32
3/18/2022,TRY10,2.14
3/17/2022,TRY10,2.2
3/16/2022,TRY10,2.19
3/15/2022,TRY10,2.15
3/14/2022,TRY10,2.14
3/11/2022,TRY10,2
3/10/2022,TRY10,1.98
3/9/2022,TRY10,1.94
3/8/2022,TRY10,1.86
3/7/2022,TRY10,1.78
3/4/2022,TRY10,1.74
3/3/2022,TRY10,1.86
3/2/2022,TRY10,1.86
3/1/2022,TRY10,1.72
2/28/2022,TRY10,1.83
2/25/2022,TRY10,1.97
2/24/2022,TRY10,1.96
2/23/2022,TRY10,1.99
2/22/2022,TRY10,1.94
2/21/2022,TRY10,.
2/18/2022,TRY10,1.92
2/17/2022,TRY10,1.97
2/16/2022,TRY10,2.03
2/15/2022,TRY10,2.05
2/14/2022,TRY10,1.98
2/11/2022,TRY10,1.92
2/10/2022,TRY10,2.03
2/9/2022,TRY10,1.94
2/8/2022,TRY10,1.96
2/7/2022,TRY10,1.92
2/4/2022,TRY10,1.93
2/3/2022,TRY10,1.82
2/2/2022,TRY10,1.78
2/1/2022,TRY10,1.81
1/31/2022,TRY10,1.79
1/28/2022,TRY10,1.78
1/27/2022,TRY10,1.81
1/26/2022,TRY10,1.85
1/25/2022,TRY10,1.78
1/24/2022,TRY10,1.75
1/21/2022,TRY10,1.75
1/20/2022,TRY10,1.83
1/19/2022,TRY10,1.83
1/18/2022,TRY10,1.87
1/17/2022,TRY10,.
1/14/2022,TRY10,1.78
1/13/2022,TRY10,1.7
1/12/2022,TRY10,1.74
1/11/2022,TRY10,1.75
1/10/2022,TRY10,1.78
1/7/2022,TRY10,1.76
1/6/2022,TRY10,1.73
1/5/2022,TRY10,1.71
1/4/2022,TRY10,1.66
1/3/2022,TRY10,1.63
2/12/2024,TRY20,4.48
2/9/2024,TRY20,4.48
2/8/2024,TRY20,4.47
2/7/2024,TRY20,4.41
2/6/2024,TRY20,4.39
2/5/2024,TRY20,4.46
2/2/2024,TRY20,4.33
2/1/2024,TRY20,4.21
1/31/2024,TRY20,4.34
1/30/2024,TRY20,4.4
1/29/2024,TRY20,4.42
1/26/2024,TRY20,4.49
1/25/2024,TRY20,4.49
1/24/2024,TRY20,4.52
1/23/2024,TRY20,4.48
1/22/2024,TRY20,4.44
1/19/2024,TRY20,4.47
1/18/2024,TRY20,4.48
1/17/2024,TRY20,4.42
1/16/2024,TRY20,4.43
1/15/2024,TRY20,.
1/12/2024,TRY20,4.32
1/11/2024,TRY20,4.32
1/10/2024,TRY20,4.35
1/9/2024,TRY20,4.33
1/8/2024,TRY20,4.33
1/5/2024,TRY20,4.37
1/4/2024,TRY20,4.3
1/3/2024,TRY20,4.21
1/2/2024,TRY20,4.25
1/1/2024,TRY20,.
12/29/2023,TRY20,4.2
12/28/2023,TRY20,4.14
12/27/2023,TRY20,4.1
12/26/2023,TRY20,4.2
12/25/2023,TRY20,.
12/22/2023,TRY20,4.21
12/21/2023,TRY20,4.19
12/20/2023,TRY20,4.17
12/19/2023,TRY20,4.23
12/18/2023,TRY20,4.23
12/15/2023,TRY20,4.19
12/14/2023,TRY20,4.21
12/13/2023,TRY20,4.36
12/12/2023,TRY20,4.48
12/11/2023,TRY20,4.51
12/8/2023,TRY20,4.49
12/7/2023,TRY20,4.42
12/6/2023,TRY20,4.4
12/5/2023,TRY20,4.48
12/4/2023,TRY20,4.61
12/1/2023,TRY20,4.58
11/30/2023,TRY20,4.72
11/29/2023,TRY20,4.62
11/28/2023,TRY20,4.7
11/27/2023,TRY20,4.72
11/24/2023,TRY20,4.79
11/23/2023,TRY20,.
11/22/2023,TRY20,4.73
11/21/2023,TRY20,4.75
11/20/2023,TRY20,4.74
11/17/2023,TRY20,4.8
11/16/2023,TRY20,4.82
11/15/2023,TRY20,4.87
11/14/2023,TRY20,4.8
11/13/2023,TRY20,4.95
11/10/2023,TRY20,4.93
11/9/2023,TRY20,4.97
11/8/2023,TRY20,4.82
11/7/2023,TRY20,4.91
11/6/2023,TRY20,5
11/3/2023,TRY20,4.93
11/2/2023,TRY20,4.99
11/1/2023,TRY20,5.13
10/31/2023,TRY20,5.21
10/30/2023,TRY20,5.21
10/27/2023,TRY20,5.19
10/26/2023,TRY20,5.19
10/25/2023,TRY20,5.27
10/24/2023,TRY20,5.15
10/23/2023,TRY20,5.19
10/20/2023,TRY20,5.27
10/19/2023,TRY20,5.3
10/18/2023,TRY20,5.2
10/17/2023,TRY20,5.14
10/16/2023,TRY20,5.06
10/13/2023,TRY20,4.97
10/12/2023,TRY20,5.05
10/11/2023,TRY20,4.92
10/10/2023,TRY20,5.03
10/9/2023,TRY20,.
10/6/2023,TRY20,5.13
10/5/2023,TRY20,5.06
10/4/2023,TRY20,5.05
10/3/2023,TRY20,5.13
10/2/2023,TRY20,5
9/29/2023,TRY20,4.92
9/28/2023,TRY20,4.9
9/27/2023,TRY20,4.91
9/26/2023,TRY20,4.86
9/25/2023,TRY20,4.84
9/22/2023,TRY20,4.7
9/21/2023,TRY20,4.74
9/20/2023,TRY20,4.57
9/19/2023,TRY20,4.6
9/18/2023,TRY20,4.57
9/15/2023,TRY20,4.59
9/14/2023,TRY20,4.57
9/13/2023,TRY20,4.52
9/12/2023,TRY20,4.54
9/11/2023,TRY20,4.56
9/8/2023,TRY20,4.52
9/7/2023,TRY20,4.55
9/6/2023,TRY20,4.56
9/5/2023,TRY20,4.56
9/4/2023,TRY20,.
9/1/2023,TRY20,4.48
8/31/2023,TRY20,4.39
8/30/2023,TRY20,4.42
8/29/2023,TRY20,4.42
8/28/2023,TRY20,4.48
8/25/2023,TRY20,4.5
8/24/2023,TRY20,4.49
8/23/2023,TRY20,4.46
8/22/2023,TRY20,4.61
8/21/2023,TRY20,4.64
8/18/2023,TRY20,4.55
8/17/2023,TRY20,4.58
8/16/2023,TRY20,4.55
8/15/2023,TRY20,4.49
8/14/2023,TRY20,4.46
8/11/2023,TRY20,4.45
8/10/2023,TRY20,4.41
8/9/2023,TRY20,4.33
8/8/2023,TRY20,4.35
8/7/2023,TRY20,4.42
8/4/2023,TRY20,4.36
8/3/2023,TRY20,4.49
8/2/2023,TRY20,4.35
8/1/2023,TRY20,4.3
7/31/2023,TRY20,4.22
7/28/2023,TRY20,4.22
7/27/2023,TRY20,4.26
7/26/2023,TRY20,4.12
7/25/2023,TRY20,4.14
7/24/2023,TRY20,4.11
7/21/2023,TRY20,4.1
7/20/2023,TRY20,4.1
7/19/2023,TRY20,4.01
7/18/2023,TRY20,4.08
7/17/2023,TRY20,4.1
7/14/2023,TRY20,4.11
7/13/2023,TRY20,4.07
7/12/2023,TRY20,4.14
7/11/2023,TRY20,4.22
7/10/2023,TRY20,4.24
7/7/2023,TRY20,4.27
7/6/2023,TRY20,4.23
7/5/2023,TRY20,4.17
7/4/2023,TRY20,.
7/3/2023,TRY20,4.08
6/30/2023,TRY20,4.06
6/29/2023,TRY20,4.11
6/28/2023,TRY20,4
6/27/2023,TRY20,4.03
6/26/2023,TRY20,4.01
6/23/2023,TRY20,4.01
6/22/2023,TRY20,4.06
6/21/2023,TRY20,3.99
6/20/2023,TRY20,4.01
6/19/2023,TRY20,.
6/16/2023,TRY20,4.05
6/15/2023,TRY20,4.02
6/14/2023,TRY20,4.09
6/13/2023,TRY20,4.12
6/12/2023,TRY20,4.04
6/9/2023,TRY20,4.05
6/8/2023,TRY20,4.05
6/7/2023,TRY20,4.12
6/6/2023,TRY20,4.02
6/5/2023,TRY20,4.03
6/2/2023,TRY20,4.03
6/1/2023,TRY20,3.98
5/31/2023,TRY20,4.01
5/30/2023,TRY20,4.06
5/29/2023,TRY20,.
5/26/2023,TRY20,4.13
5/25/2023,TRY20,4.16
5/24/2023,TRY20,4.1
5/23/2023,TRY20,4.08
5/22/2023,TRY20,4.09
5/19/2023,TRY20,4.07
5/18/2023,TRY20,4.02
5/17/2023,TRY20,3.96
5/16/2023,TRY20,3.96
5/15/2023,TRY20,3.92
5/12/2023,TRY20,3.87
5/11/2023,TRY20,3.82
5/10/2023,TRY20,3.88
5/9/2023,TRY20,3.94
5/8/2023,TRY20,3.92
5/5/2023,TRY20,3.85
5/4/2023,TRY20,3.8
5/3/2023,TRY20,3.79
5/2/2023,TRY20,3.82
5/1/2023,TRY20,3.95
4/28/2023,TRY20,3.8
4/27/2023,TRY20,3.88
4/26/2023,TRY20,3.81
4/25/2023,TRY20,3.77
4/24/2023,TRY20,3.85
4/21/2023,TRY20,3.9
4/20/2023,TRY20,3.87
4/19/2023,TRY20,3.9
4/18/2023,TRY20,3.91
4/17/2023,TRY20,3.92
4/14/2023,TRY20,3.85
4/13/2023,TRY20,3.8
4/12/2023,TRY20,3.75
4/11/2023,TRY20,3.75
4/10/2023,TRY20,3.74
4/7/2023,TRY20,3.73
4/6/2023,TRY20,3.66
4/5/2023,TRY20,3.67
4/4/2023,TRY20,3.72
4/3/2023,TRY20,3.78
3/31/2023,TRY20,3.81
3/30/2023,TRY20,3.88
3/29/2023,TRY20,3.91
3/28/2023,TRY20,3.9
3/27/2023,TRY20,3.9
3/24/2023,TRY20,3.77
3/23/2023,TRY20,3.78
3/22/2023,TRY20,3.83
3/21/2023,TRY20,3.9
3/20/2023,TRY20,3.83
3/17/2023,TRY20,3.76
3/16/2023,TRY20,3.87
3/15/2023,TRY20,3.82
3/14/2023,TRY20,3.91
3/13/2023,TRY20,3.85
3/10/2023,TRY20,3.9
3/9/2023,TRY20,4.09
3/8/2023,TRY20,4.11
3/7/2023,TRY20,4.11
3/6/2023,TRY20,4.14
3/3/2023,TRY20,4.12
3/2/2023,TRY20,4.24
3/1/2023,TRY20,4.17
2/28/2023,TRY20,4.1
2/27/2023,TRY20,4.11
2/24/2023,TRY20,4.11
2/23/2023,TRY20,4.04
2/22/2023,TRY20,4.09
2/21/2023,TRY20,4.12
2/20/2023,TRY20,.
2/17/2023,TRY20,4.01
2/16/2023,TRY20,4.05
2/15/2023,TRY20,3.97
2/14/2023,TRY20,3.94
2/13/2023,TRY20,3.92
2/10/2023,TRY20,3.96
2/9/2023,TRY20,3.9
2/8/2023,TRY20,3.86
2/7/2023,TRY20,3.87
2/6/2023,TRY20,3.82
2/3/2023,TRY20,3.77
2/2/2023,TRY20,3.67
2/1/2023,TRY20,3.67
1/31/2023,TRY20,3.78
1/30/2023,TRY20,3.79
1/27/2023,TRY20,3.77
1/26/2023,TRY20,3.75
1/25/2023,TRY20,3.74
1/24/2023,TRY20,3.73
1/23/2023,TRY20,3.8
1/20/2023,TRY20,3.77
1/19/2023,TRY20,3.69
1/18/2023,TRY20,3.65
1/17/2023,TRY20,3.81
1/16/2023,TRY20,.
1/13/2023,TRY20,3.79
1/12/2023,TRY20,3.73
1/11/2023,TRY20,3.84
1/10/2023,TRY20,3.91
1/9/2023,TRY20,3.83
1/6/2023,TRY20,3.84
1/5/2023,TRY20,3.96
1/4/2023,TRY20,3.97
1/3/2023,TRY20,4.06
1/2/2023,TRY20,.
12/30/2022,TRY20,4.14
12/29/2022,TRY20,4.09
12/28/2022,TRY20,4.13
12/27/2022,TRY20,4.1
12/26/2022,TRY20,.
12/23/2022,TRY20,3.99
12/22/2022,TRY20,3.91
12/21/2022,TRY20,3.93
12/20/2022,TRY20,3.94
12/19/2022,TRY20,3.82
12/16/2022,TRY20,3.73
12/15/2022,TRY20,3.69
12/14/2022,TRY20,3.74
12/13/2022,TRY20,3.74
12/12/2022,TRY20,3.84
12/9/2022,TRY20,3.82
12/8/2022,TRY20,3.71
12/7/2022,TRY20,3.66
12/6/2022,TRY20,3.77
12/5/2022,TRY20,3.84
12/2/2022,TRY20,3.79
12/1/2022,TRY20,3.85
11/30/2022,TRY20,4
11/29/2022,TRY20,4.02
11/28/2022,TRY20,3.97
11/25/2022,TRY20,3.97
11/24/2022,TRY20,.
11/23/2022,TRY20,3.97
11/22/2022,TRY20,4.05
11/21/2022,TRY20,4.14
11/18/2022,TRY20,4.13
11/17/2022,TRY20,4.1
11/16/2022,TRY20,4.03
11/15/2022,TRY20,4.2
11/14/2022,TRY20,4.28
11/11/2022,TRY20,.
11/10/2022,TRY20,4.24
11/9/2022,TRY20,4.5
11/8/2022,TRY20,4.47
11/7/2022,TRY20,4.55
11/4/2022,TRY20,4.49
11/3/2022,TRY20,4.42
11/2/2022,TRY20,4.41
11/1/2022,TRY20,4.37
10/31/2022,TRY20,4.44
10/28/2022,TRY20,4.38
10/27/2022,TRY20,4.32
10/26/2022,TRY20,4.38
10/25/2022,TRY20,4.45
10/24/2022,TRY20,4.59
10/21/2022,TRY20,4.54
10/20/2022,TRY20,4.47
10/19/2022,TRY20,4.38
10/18/2022,TRY20,4.27
10/17/2022,TRY20,4.29
10/14/2022,TRY20,4.26
10/13/2022,TRY20,4.25
10/12/2022,TRY20,4.18
10/11/2022,TRY20,4.19
10/10/2022,TRY20,.
10/7/2022,TRY20,4.13
10/6/2022,TRY20,4.08
10/5/2022,TRY20,4.05
10/4/2022,TRY20,3.95
10/3/2022,TRY20,4
9/30/2022,TRY20,4.08
9/29/2022,TRY20,4
9/28/2022,TRY20,3.98
9/27/2022,TRY20,4.15
9/26/2022,TRY20,4.01
9/23/2022,TRY20,3.87
9/22/2022,TRY20,3.9
9/21/2022,TRY20,3.73
9/20/2022,TRY20,3.83
9/19/2022,TRY20,3.77
9/16/2022,TRY20,3.79
9/15/2022,TRY20,3.75
9/14/2022,TRY20,3.73
9/13/2022,TRY20,3.75
9/12/2022,TRY20,3.76
9/9/2022,TRY20,3.71
9/8/2022,TRY20,3.69
9/7/2022,TRY20,3.67
9/6/2022,TRY20,3.74
9/5/2022,TRY20,.
9/2/2022,TRY20,3.61
9/1/2022,TRY20,3.64
8/31/2022,TRY20,3.53
8/30/2022,TRY20,3.49
8/29/2022,TRY20,3.5
8/26/2022,TRY20,3.44
8/25/2022,TRY20,3.47
8/24/2022,TRY20,3.55
8/23/2022,TRY20,3.49
8/22/2022,TRY20,3.48
8/19/2022,TRY20,3.44
8/18/2022,TRY20,3.35
8/17/2022,TRY20,3.37
8/16/2022,TRY20,3.31
8/15/2022,TRY20,3.31
8/12/2022,TRY20,3.34
8/11/2022,TRY20,3.38
8/10/2022,TRY20,3.27
8/9/2022,TRY20,3.24
8/8/2022,TRY20,3.22
8/5/2022,TRY20,3.27
8/4/2022,TRY20,3.15
8/3/2022,TRY20,3.17
8/2/2022,TRY20,3.22
8/1/2022,TRY20,3.12
7/29/2022,TRY20,3.2
7/28/2022,TRY20,3.23
7/27/2022,TRY20,3.26
7/26/2022,TRY20,3.27
7/25/2022,TRY20,3.28
7/22/2022,TRY20,3.23
7/21/2022,TRY20,3.33
7/20/2022,TRY20,3.43
7/19/2022,TRY20,3.42
7/18/2022,TRY20,3.39
7/15/2022,TRY20,3.34
7/14/2022,TRY20,3.36
7/13/2022,TRY20,3.35
7/12/2022,TRY20,3.37
7/11/2022,TRY20,3.43
7/8/2022,TRY20,3.53
7/7/2022,TRY20,3.45
7/6/2022,TRY20,3.42
7/5/2022,TRY20,3.31
7/4/2022,TRY20,.
7/1/2022,TRY20,3.35
6/30/2022,TRY20,3.38
6/29/2022,TRY20,3.46
6/28/2022,TRY20,3.55
6/27/2022,TRY20,3.56
6/24/2022,TRY20,3.51
6/23/2022,TRY20,3.45
6/22/2022,TRY20,3.49
6/21/2022,TRY20,3.63
6/20/2022,TRY20,.
6/17/2022,TRY20,3.55
6/16/2022,TRY20,3.59
6/15/2022,TRY20,3.64
6/14/2022,TRY20,3.72
6/13/2022,TRY20,3.68
6/10/2022,TRY20,3.45
6/9/2022,TRY20,3.4
6/8/2022,TRY20,3.4
6/7/2022,TRY20,3.35
6/6/2022,TRY20,3.41
6/3/2022,TRY20,3.33
6/2/2022,TRY20,3.3
6/1/2022,TRY20,3.31
5/31/2022,TRY20,3.28
5/30/2022,TRY20,.
5/27/2022,TRY20,3.16
5/26/2022,TRY20,3.18
5/25/2022,TRY20,3.14
5/24/2022,TRY20,3.16
5/23/2022,TRY20,3.26
5/20/2022,TRY20,3.17
5/19/2022,TRY20,3.24
5/18/2022,TRY20,3.24
5/17/2022,TRY20,3.36
5/16/2022,TRY20,3.3
5/13/2022,TRY20,3.32
5/12/2022,TRY20,3.22
5/11/2022,TRY20,3.25
5/10/2022,TRY20,3.31
5/9/2022,TRY20,3.38
5/6/2022,TRY20,3.43
5/5/2022,TRY20,3.35
5/4/2022,TRY20,3.21
5/3/2022,TRY20,3.21
5/2/2022,TRY20,3.26
4/29/2022,TRY20,3.14
4/28/2022,TRY20,3.1
4/27/2022,TRY20,3.08
4/26/2022,TRY20,3.03
4/25/2022,TRY20,3.06
4/22/2022,TRY20,3.14
4/21/2022,TRY20,3.12
4/20/2022,TRY20,3.08
4/19/2022,TRY20,3.19
4/18/2022,TRY20,3.12
4/15/2022,TRY20,.
4/14/2022,TRY20,3.09
4/13/2022,TRY20,2.97
4/12/2022,TRY20,2.99
4/11/2022,TRY20,3.02
4/8/2022,TRY20,2.94
4/7/2022,TRY20,2.87
4/6/2022,TRY20,2.81
4/5/2022,TRY20,2.74
4/4/2022,TRY20,2.64
4/1/2022,TRY20,2.6
3/31/2022,TRY20,2.59
3/30/2022,TRY20,2.63
3/29/2022,TRY20,2.68
3/28/2022,TRY20,2.72
3/25/2022,TRY20,2.74
3/24/2022,TRY20,2.63
3/23/2022,TRY20,2.65
3/22/2022,TRY20,2.71
3/21/2022,TRY20,2.67
3/18/2022,TRY20,2.53
3/17/2022,TRY20,2.6
3/16/2022,TRY20,2.56
3/15/2022,TRY20,2.57
3/14/2022,TRY20,2.56
3/11/2022,TRY20,2.45
3/10/2022,TRY20,2.45
3/9/2022,TRY20,2.38
3/8/2022,TRY20,2.34
3/7/2022,TRY20,2.29
3/4/2022,TRY20,2.23
3/3/2022,TRY20,2.32
3/2/2022,TRY20,2.32
3/1/2022,TRY20,2.19
2/28/2022,TRY20,2.25
2/25/2022,TRY20,2.37
2/24/2022,TRY20,2.36
2/23/2022,TRY20,2.36
2/22/2022,TRY20,2.31
2/21/2022,TRY20,.
2/18/2022,TRY20,2.3
2/17/2022,TRY20,2.35
2/16/2022,TRY20,2.39
2/15/2022,TRY20,2.42
2/14/2022,TRY20,2.35
2/11/2022,TRY20,2.3
2/10/2022,TRY20,2.37
2/9/2022,TRY20,2.31
2/8/2022,TRY20,2.31
2/7/2022,TRY20,2.28
2/4/2022,TRY20,2.29
2/3/2022,TRY20,2.2
2/2/2022,TRY20,2.17
2/1/2022,TRY20,2.19
1/31/2022,TRY20,2.17
1/28/2022,TRY20,2.14
1/27/2022,TRY20,2.17
1/26/2022,TRY20,2.22
1/25/2022,TRY20,2.18
1/24/2022,TRY20,2.15
1/21/2022,TRY20,2.13
1/20/2022,TRY20,2.19
1/19/2022,TRY20,2.2
1/18/2022,TRY20,2.24
1/17/2022,TRY20,.
1/14/2022,TRY20,2.18
1/13/2022,TRY20,2.1
1/12/2022,TRY20,2.13
1/11/2022,TRY20,2.13
1/10/2022,TRY20,2.15
1/7/2022,TRY20,2.15
1/6/2022,TRY20,2.12
1/5/2022,TRY20,2.12
1/4/2022,TRY20,2.1
1/3/2022,TRY20,2.05
2/12/2024,TRY30,4.37
2/9/2024,TRY30,4.37
2/8/2024,TRY30,4.36
2/7/2024,TRY30,4.31
2/6/2024,TRY30,4.29
2/5/2024,TRY30,4.35
2/2/2024,TRY30,4.22
2/1/2024,TRY30,4.1
1/31/2024,TRY30,4.22
1/30/2024,TRY30,4.28
1/29/2024,TRY30,4.31
1/26/2024,TRY30,4.38
1/25/2024,TRY30,4.38
1/24/2024,TRY30,4.41
1/23/2024,TRY30,4.38
1/22/2024,TRY30,4.32
1/19/2024,TRY30,4.36
1/18/2024,TRY30,4.37
1/17/2024,TRY30,4.31
1/16/2024,TRY30,4.3
1/15/2024,TRY30,.
1/12/2024,TRY30,4.2
1/11/2024,TRY30,4.18
1/10/2024,TRY30,4.2
1/9/2024,TRY30,4.18
1/8/2024,TRY30,4.17
1/5/2024,TRY30,4.21
1/4/2024,TRY30,4.13
1/3/2024,TRY30,4.05
1/2/2024,TRY30,4.08
1/1/2024,TRY30,.
12/29/2023,TRY30,4.03
12/28/2023,TRY30,3.98
12/27/2023,TRY30,3.95
12/26/2023,TRY30,4.04
12/25/2023,TRY30,.
12/22/2023,TRY30,4.05
12/21/2023,TRY30,4.03
12/20/2023,TRY30,3.98
12/19/2023,TRY30,4.03
12/18/2023,TRY30,4.05
12/15/2023,TRY30,4
12/14/2023,TRY30,4.03
12/13/2023,TRY30,4.19
12/12/2023,TRY30,4.3
12/11/2023,TRY30,4.32
12/8/2023,TRY30,4.31
12/7/2023,TRY30,4.25
12/6/2023,TRY30,4.22
12/5/2023,TRY30,4.3
12/4/2023,TRY30,4.43
12/1/2023,TRY30,4.4
11/30/2023,TRY30,4.54
11/29/2023,TRY30,4.44
11/28/2023,TRY30,4.52
11/27/2023,TRY30,4.53
11/24/2023,TRY30,4.6
11/23/2023,TRY30,.
11/22/2023,TRY30,4.55
11/21/2023,TRY30,4.57
11/20/2023,TRY30,4.57
11/17/2023,TRY30,4.59
11/16/2023,TRY30,4.63
11/15/2023,TRY30,4.68
11/14/2023,TRY30,4.61
11/13/2023,TRY30,4.75
11/10/2023,TRY30,4.73
11/9/2023,TRY30,4.77
11/8/2023,TRY30,4.64
11/7/2023,TRY30,4.75
11/6/2023,TRY30,4.84
11/3/2023,TRY30,4.77
11/2/2023,TRY30,4.82
11/1/2023,TRY30,4.96
10/31/2023,TRY30,5.04
10/30/2023,TRY30,5.04
10/27/2023,TRY30,5.03
10/26/2023,TRY30,5.01
10/25/2023,TRY30,5.09
10/24/2023,TRY30,4.96
10/23/2023,TRY30,5.01
10/20/2023,TRY30,5.09
10/19/2023,TRY30,5.11
10/18/2023,TRY30,5
10/17/2023,TRY30,4.94
10/16/2023,TRY30,4.87
10/13/2023,TRY30,4.78
10/12/2023,TRY30,4.86
10/11/2023,TRY30,4.73
10/10/2023,TRY30,4.85
10/9/2023,TRY30,.
10/6/2023,TRY30,4.95
10/5/2023,TRY30,4.89
10/4/2023,TRY30,4.87
10/3/2023,TRY30,4.95
10/2/2023,TRY30,4.81
9/29/2023,TRY30,4.73
9/28/2023,TRY30,4.71
9/27/2023,TRY30,4.73
9/26/2023,TRY30,4.7
9/25/2023,TRY30,4.67
9/22/2023,TRY30,4.53
9/21/2023,TRY30,4.56
9/20/2023,TRY30,4.4
9/19/2023,TRY30,4.43
9/18/2023,TRY30,4.4
9/15/2023,TRY30,4.42
9/14/2023,TRY30,4.39
9/13/2023,TRY30,4.34
9/12/2023,TRY30,4.35
9/11/2023,TRY30,4.37
9/8/2023,TRY30,4.33
9/7/2023,TRY30,4.36
9/6/2023,TRY30,4.37
9/5/2023,TRY30,4.38
9/4/2023,TRY30,.
9/1/2023,TRY30,4.29
8/31/2023,TRY30,4.2
8/30/2023,TRY30,4.23
8/29/2023,TRY30,4.23
8/28/2023,TRY30,4.29
8/25/2023,TRY30,4.3
8/24/2023,TRY30,4.3
8/23/2023,TRY30,4.27
8/22/2023,TRY30,4.42
8/21/2023,TRY30,4.45
8/18/2023,TRY30,4.38
8/17/2023,TRY30,4.41
8/16/2023,TRY30,4.38
8/15/2023,TRY30,4.32
8/14/2023,TRY30,4.29
8/11/2023,TRY30,4.27
8/10/2023,TRY30,4.24
8/9/2023,TRY30,4.18
8/8/2023,TRY30,4.2
8/7/2023,TRY30,4.27
8/4/2023,TRY30,4.21
8/3/2023,TRY30,4.32
8/2/2023,TRY30,4.17
8/1/2023,TRY30,4.11
7/31/2023,TRY30,4.02
7/28/2023,TRY30,4.03
7/27/2023,TRY30,4.06
7/26/2023,TRY30,3.94
7/25/2023,TRY30,3.95
7/24/2023,TRY30,3.92
7/21/2023,TRY30,3.91
7/20/2023,TRY30,3.91
7/19/2023,TRY30,3.84
7/18/2023,TRY30,3.91
7/17/2023,TRY30,3.94
7/14/2023,TRY30,3.93
7/13/2023,TRY30,3.9
7/12/2023,TRY30,3.96
7/11/2023,TRY30,4.03
7/10/2023,TRY30,4.05
7/7/2023,TRY30,4.05
7/6/2023,TRY30,4.01
7/5/2023,TRY30,3.95
7/4/2023,TRY30,.
7/3/2023,TRY30,3.87
6/30/2023,TRY30,3.85
6/29/2023,TRY30,3.92
6/28/2023,TRY30,3.81
6/27/2023,TRY30,3.84
6/26/2023,TRY30,3.83
6/23/2023,TRY30,3.82
6/22/2023,TRY30,3.88
6/21/2023,TRY30,3.81
6/20/2023,TRY30,3.83
6/19/2023,TRY30,.
6/16/2023,TRY30,3.86
6/15/2023,TRY30,3.85
6/14/2023,TRY30,3.9
6/13/2023,TRY30,3.94
6/12/2023,TRY30,3.87
6/9/2023,TRY30,3.89
6/8/2023,TRY30,3.89
6/7/2023,TRY30,3.95
6/6/2023,TRY30,3.87
6/5/2023,TRY30,3.89
6/2/2023,TRY30,3.88
6/1/2023,TRY30,3.84
5/31/2023,TRY30,3.85
5/30/2023,TRY30,3.9
5/29/2023,TRY30,.
5/26/2023,TRY30,3.96
5/25/2023,TRY30,4.01
5/24/2023,TRY30,3.97
5/23/2023,TRY30,3.96
5/22/2023,TRY30,3.97
5/19/2023,TRY30,3.95
5/18/2023,TRY30,3.91
5/17/2023,TRY30,3.88
5/16/2023,TRY30,3.87
5/15/2023,TRY30,3.84
5/12/2023,TRY30,3.78
5/11/2023,TRY30,3.73
5/10/2023,TRY30,3.8
5/9/2023,TRY30,3.85
5/8/2023,TRY30,3.84
5/5/2023,TRY30,3.76
5/4/2023,TRY30,3.73
5/3/2023,TRY30,3.7
5/2/2023,TRY30,3.72
5/1/2023,TRY30,3.84
4/28/2023,TRY30,3.67
4/27/2023,TRY30,3.76
4/26/2023,TRY30,3.7
4/25/2023,TRY30,3.65
4/24/2023,TRY30,3.73
4/21/2023,TRY30,3.78
4/20/2023,TRY30,3.75
4/19/2023,TRY30,3.79
4/18/2023,TRY30,3.79
4/17/2023,TRY30,3.81
4/14/2023,TRY30,3.74
4/13/2023,TRY30,3.69
4/12/2023,TRY30,3.64
4/11/2023,TRY30,3.62
4/10/2023,TRY30,3.62
4/7/2023,TRY30,3.61
4/6/2023,TRY30,3.54
4/5/2023,TRY30,3.56
4/4/2023,TRY30,3.6
4/3/2023,TRY30,3.64
3/31/2023,TRY30,3.67
3/30/2023,TRY30,3.74
3/29/2023,TRY30,3.78
3/28/2023,TRY30,3.77
3/27/2023,TRY30,3.77
3/24/2023,TRY30,3.64
3/23/2023,TRY30,3.66
3/22/2023,TRY30,3.68
3/21/2023,TRY30,3.73
3/20/2023,TRY30,3.65
3/17/2023,TRY30,3.6
3/16/2023,TRY30,3.71
3/15/2023,TRY30,3.7
3/14/2023,TRY30,3.77
3/13/2023,TRY30,3.7
3/10/2023,TRY30,3.7
3/9/2023,TRY30,3.88
3/8/2023,TRY30,3.88
3/7/2023,TRY30,3.88
3/6/2023,TRY30,3.92
3/3/2023,TRY30,3.9
3/2/2023,TRY30,4.03
3/1/2023,TRY30,3.97
2/28/2023,TRY30,3.93
2/27/2023,TRY30,3.93
2/24/2023,TRY30,3.93
2/23/2023,TRY30,3.88
2/22/2023,TRY30,3.94
2/21/2023,TRY30,3.98
2/20/2023,TRY30,.
2/17/2023,TRY30,3.88
2/16/2023,TRY30,3.92
2/15/2023,TRY30,3.85
2/14/2023,TRY30,3.81
2/13/2023,TRY30,3.79
2/10/2023,TRY30,3.83
2/9/2023,TRY30,3.75
2/8/2023,TRY30,3.7
2/7/2023,TRY30,3.72
2/6/2023,TRY30,3.67
2/3/2023,TRY30,3.63
2/2/2023,TRY30,3.55
2/1/2023,TRY30,3.55
1/31/2023,TRY30,3.65
1/30/2023,TRY30,3.66
1/27/2023,TRY30,3.64
1/26/2023,TRY30,3.62
1/25/2023,TRY30,3.62
1/24/2023,TRY30,3.62
1/23/2023,TRY30,3.69
1/20/2023,TRY30,3.66
1/19/2023,TRY30,3.57
1/18/2023,TRY30,3.54
1/17/2023,TRY30,3.64
1/16/2023,TRY30,.
1/13/2023,TRY30,3.61
1/12/2023,TRY30,3.56
1/11/2023,TRY30,3.67
1/10/2023,TRY30,3.74
1/9/2023,TRY30,3.66
1/6/2023,TRY30,3.67
1/5/2023,TRY30,3.78
1/4/2023,TRY30,3.81
1/3/2023,TRY30,3.88
1/2/2023,TRY30,.
12/30/2022,TRY30,3.97
12/29/2022,TRY30,3.92
12/28/2022,TRY30,3.98
12/27/2022,TRY30,3.93
12/26/2022,TRY30,.
12/23/2022,TRY30,3.82
12/22/2022,TRY30,3.73
12/21/2022,TRY30,3.74
12/20/2022,TRY30,3.74
12/19/2022,TRY30,3.62
12/16/2022,TRY30,3.53
12/15/2022,TRY30,3.48
12/14/2022,TRY30,3.52
12/13/2022,TRY30,3.53
12/12/2022,TRY30,3.57
12/9/2022,TRY30,3.56
12/8/2022,TRY30,3.44
12/7/2022,TRY30,3.42
12/6/2022,TRY30,3.52
12/5/2022,TRY30,3.62
12/2/2022,TRY30,3.56
12/1/2022,TRY30,3.64
11/30/2022,TRY30,3.8
11/29/2022,TRY30,3.81
11/28/2022,TRY30,3.74
11/25/2022,TRY30,3.74
11/24/2022,TRY30,.
11/23/2022,TRY30,3.74
11/22/2022,TRY30,3.83
11/21/2022,TRY30,3.91
11/18/2022,TRY30,3.92
11/17/2022,TRY30,3.89
11/16/2022,TRY30,3.85
11/15/2022,TRY30,3.98
11/14/2022,TRY30,4.07
11/11/2022,TRY30,.
11/10/2022,TRY30,4.03
11/9/2022,TRY30,4.31
11/8/2022,TRY30,4.28
11/7/2022,TRY30,4.34
11/4/2022,TRY30,4.27
11/3/2022,TRY30,4.18
11/2/2022,TRY30,4.15
11/1/2022,TRY30,4.14
10/31/2022,TRY30,4.22
10/28/2022,TRY30,4.15
10/27/2022,TRY30,4.12
10/26/2022,TRY30,4.19
10/25/2022,TRY30,4.26
10/24/2022,TRY30,4.4
10/21/2022,TRY30,4.33
10/20/2022,TRY30,4.24
10/19/2022,TRY30,4.15
10/18/2022,TRY30,4.04
10/17/2022,TRY30,4.04
10/14/2022,TRY30,3.99
10/13/2022,TRY30,3.97
10/12/2022,TRY30,3.9
10/11/2022,TRY30,3.92
10/10/2022,TRY30,.
10/7/2022,TRY30,3.86
10/6/2022,TRY30,3.81
10/5/2022,TRY30,3.78
10/4/2022,TRY30,3.7
10/3/2022,TRY30,3.73
9/30/2022,TRY30,3.79
9/29/2022,TRY30,3.71
9/28/2022,TRY30,3.7
9/27/2022,TRY30,3.87
9/26/2022,TRY30,3.72
9/23/2022,TRY30,3.61
9/22/2022,TRY30,3.65
9/21/2022,TRY30,3.5
9/20/2022,TRY30,3.59
9/19/2022,TRY30,3.52
9/16/2022,TRY30,3.52
9/15/2022,TRY30,3.48
9/14/2022,TRY30,3.47
9/13/2022,TRY30,3.51
9/12/2022,TRY30,3.53
9/9/2022,TRY30,3.47
9/8/2022,TRY30,3.45
9/7/2022,TRY30,3.42
9/6/2022,TRY30,3.49
9/5/2022,TRY30,.
9/2/2022,TRY30,3.35
9/1/2022,TRY30,3.37
8/31/2022,TRY30,3.27
8/30/2022,TRY30,3.23
8/29/2022,TRY30,3.25
8/26/2022,TRY30,3.21
8/25/2022,TRY30,3.25
8/24/2022,TRY30,3.32
8/23/2022,TRY30,3.26
8/22/2022,TRY30,3.24
8/19/2022,TRY30,3.22
8/18/2022,TRY30,3.14
8/17/2022,TRY30,3.15
8/16/2022,TRY30,3.11
8/15/2022,TRY30,3.1
8/12/2022,TRY30,3.12
8/11/2022,TRY30,3.15
8/10/2022,TRY30,3.04
8/9/2022,TRY30,3.01
8/8/2022,TRY30,3
8/5/2022,TRY30,3.06
8/4/2022,TRY30,2.97
8/3/2022,TRY30,2.96
8/2/2022,TRY30,3
8/1/2022,TRY30,2.92
7/29/2022,TRY30,3
7/28/2022,TRY30,3.02
7/27/2022,TRY30,3.03
7/26/2022,TRY30,3.03
7/25/2022,TRY30,3.04
7/22/2022,TRY30,3
7/21/2022,TRY30,3.08
7/20/2022,TRY30,3.17
7/19/2022,TRY30,3.17
7/18/2022,TRY30,3.14
7/15/2022,TRY30,3.1
7/14/2022,TRY30,3.11
7/13/2022,TRY30,3.08
7/12/2022,TRY30,3.13
7/11/2022,TRY30,3.18
7/8/2022,TRY30,3.27
7/7/2022,TRY30,3.2
7/6/2022,TRY30,3.14
7/5/2022,TRY30,3.05
7/4/2022,TRY30,.
7/1/2022,TRY30,3.11
6/30/2022,TRY30,3.14
6/29/2022,TRY30,3.22
6/28/2022,TRY30,3.3
6/27/2022,TRY30,3.31
6/24/2022,TRY30,3.26
6/23/2022,TRY30,3.21
6/22/2022,TRY30,3.25
6/21/2022,TRY30,3.39
6/20/2022,TRY30,.
6/17/2022,TRY30,3.3
6/16/2022,TRY30,3.35
6/15/2022,TRY30,3.39
6/14/2022,TRY30,3.45
6/13/2022,TRY30,3.42
6/10/2022,TRY30,3.2
6/9/2022,TRY30,3.18
6/8/2022,TRY30,3.18
6/7/2022,TRY30,3.13
6/6/2022,TRY30,3.19
6/3/2022,TRY30,3.11
6/2/2022,TRY30,3.09
6/1/2022,TRY30,3.09
5/31/2022,TRY30,3.07
5/30/2022,TRY30,.
5/27/2022,TRY30,2.97
5/26/2022,TRY30,2.99
5/25/2022,TRY30,2.97
5/24/2022,TRY30,2.98
5/23/2022,TRY30,3.08
5/20/2022,TRY30,2.99
5/19/2022,TRY30,3.05
5/18/2022,TRY30,3.07
5/17/2022,TRY30,3.17
5/16/2022,TRY30,3.09
5/13/2022,TRY30,3.1
5/12/2022,TRY30,3
5/11/2022,TRY30,3.05
5/10/2022,TRY30,3.12
5/9/2022,TRY30,3.19
5/6/2022,TRY30,3.23
5/5/2022,TRY30,3.15
5/4/2022,TRY30,3.01
5/3/2022,TRY30,3.03
5/2/2022,TRY30,3.07
4/29/2022,TRY30,2.96
4/28/2022,TRY30,2.92
4/27/2022,TRY30,2.91
4/26/2022,TRY30,2.86
4/25/2022,TRY30,2.88
4/22/2022,TRY30,2.95
4/21/2022,TRY30,2.94
4/20/2022,TRY30,2.9
4/19/2022,TRY30,3.01
4/18/2022,TRY30,2.95
4/15/2022,TRY30,.
4/14/2022,TRY30,2.92
4/13/2022,TRY30,2.81
4/12/2022,TRY30,2.82
4/11/2022,TRY30,2.84
4/8/2022,TRY30,2.76
4/7/2022,TRY30,2.69
4/6/2022,TRY30,2.63
4/5/2022,TRY30,2.57
4/4/2022,TRY30,2.48
4/1/2022,TRY30,2.44
3/31/2022,TRY30,2.44
3/30/2022,TRY30,2.48
3/29/2022,TRY30,2.53
3/28/2022,TRY30,2.57
3/25/2022,TRY30,2.6
3/24/2022,TRY30,2.51
3/23/2022,TRY30,2.52
3/22/2022,TRY30,2.6
3/21/2022,TRY30,2.55
3/18/2022,TRY30,2.42
3/17/2022,TRY30,2.5
3/16/2022,TRY30,2.46
3/15/2022,TRY30,2.49
3/14/2022,TRY30,2.47
3/11/2022,TRY30,2.36
3/10/2022,TRY30,2.38
3/9/2022,TRY30,2.29
3/8/2022,TRY30,2.24
3/7/2022,TRY30,2.19
3/4/2022,TRY30,2.16
3/3/2022,TRY30,2.24
3/2/2022,TRY30,2.24
3/1/2022,TRY30,2.11
2/28/2022,TRY30,2.17
2/25/2022,TRY30,2.29
2/24/2022,TRY30,2.28
2/23/2022,TRY30,2.29
2/22/2022,TRY30,2.24
2/21/2022,TRY30,.
2/18/2022,TRY30,2.24
2/17/2022,TRY30,2.31
2/16/2022,TRY30,2.34
2/15/2022,TRY30,2.37
2/14/2022,TRY30,2.29
2/11/2022,TRY30,2.24
2/10/2022,TRY30,2.3
2/9/2022,TRY30,2.25
2/8/2022,TRY30,2.25
2/7/2022,TRY30,2.22
2/4/2022,TRY30,2.23
2/3/2022,TRY30,2.14
2/2/2022,TRY30,2.11
2/1/2022,TRY30,2.12
1/31/2022,TRY30,2.11
1/28/2022,TRY30,2.07
1/27/2022,TRY30,2.09
1/26/2022,TRY30,2.16
1/25/2022,TRY30,2.12
1/24/2022,TRY30,2.1
1/21/2022,TRY30,2.07
1/20/2022,TRY30,2.14
1/19/2022,TRY30,2.14
1/18/2022,TRY30,2.18
1/17/2022,TRY30,.
1/14/2022,TRY30,2.12
1/13/2022,TRY30,2.05
1/12/2022,TRY30,2.08
1/11/2022,TRY30,2.08
1/10/2022,TRY30,2.11
1/7/2022,TRY30,2.11
1/6/2022,TRY30,2.09
1/5/2022,TRY30,2.09
1/4/2022,TRY30,2.07
1/3/2022,TRY30,2.01
